{
  "results": {
    "tatoeba_eng_nno_nn": {
      "bertscore_f1,none": 0.5519718011609869,
      "bertscore_f1_stderr,none": 0.0027322502426622135,
      "bleu,none": 0.011382830858977148,
      "bleu_stderr,none": 0.0012474866622638997,
      "chrf,none": 2.9601009473610747,
      "chrf_stderr,none": 0.05644571634067335,
      "alias": "tatoeba_eng_nno_nn"
    },
    "prompt-0": {
      "bleu,none": 0.011337502506155606,
      "bleu_stderr,none": 0.0026055346021107238,
      "chrf,none": 2.8660928805538513,
      "chrf_stderr,none": 0.12401479245442973,
      "bertscore_f1,none": 0.5731141195837449,
      "bertscore_f1_stderr,none": 0.006472425976035459,
      "alias": " - prompt-0"
    },
    "prompt-1": {
      "bleu,none": 0.01681662440789616,
      "bleu_stderr,none": 0.00304281640838783,
      "chrf,none": 2.9656338520030476,
      "chrf_stderr,none": 0.12612788990850243,
      "bertscore_f1,none": 0.5620679732631234,
      "bertscore_f1_stderr,none": 0.005940210113458506,
      "alias": " - prompt-1"
    },
    "prompt-2": {
      "bleu,none": 0.011140239319757396,
      "bleu_stderr,none": 0.0029566095601663714,
      "chrf,none": 3.1706620276372353,
      "chrf_stderr,none": 0.11971160303508942,
      "bertscore_f1,none": 0.5714711191088027,
      "bertscore_f1_stderr,none": 0.005970186674464726,
      "alias": " - prompt-2"
    },
    "prompt-3": {
      "bleu,none": 0.006236957202099433,
      "bleu_stderr,none": 0.0003323931575762562,
      "chrf,none": 2.838015029250166,
      "chrf_stderr,none": 0.07320601771624187,
      "bertscore_f1,none": 0.5012339926882766,
      "bertscore_f1_stderr,none": 0.0025732351391184872,
      "alias": " - prompt-3"
    }
  },
  "groups": {
    "tatoeba_eng_nno_nn": {
      "bertscore_f1,none": 0.5519718011609869,
      "bertscore_f1_stderr,none": 0.0027322502426622135,
      "bleu,none": 0.011382830858977148,
      "bleu_stderr,none": 0.0012474866622638997,
      "chrf,none": 2.9601009473610747,
      "chrf_stderr,none": 0.05644571634067335,
      "alias": "tatoeba_eng_nno_nn"
    }
  },
  "group_subtasks": {
    "tatoeba_eng_nno_nn": [
      "prompt-3",
      "prompt-2",
      "prompt-1",
      "prompt-0"
    ]
  },
  "configs": {
    "prompt-0": {
      "task": "prompt-0",
      "dataset_path": "Helsinki-NLP/tatoeba_mt",
      "dataset_name": "eng-nno",
      "training_split": "validation",
      "test_split": "test",
      "doc_to_text": "Engelsk: {{sourceString}}\nNynorsk:",
      "doc_to_target": "targetString",
      "description": "",
      "target_delimiter": " ",
      "fewshot_delimiter": "\n\n",
      "num_fewshot": 0,
      "metric_list": [
        {
          "metric": "bleu",
          "higher_is_better": true
        },
        {
          "metric": "chrf",
          "higher_is_better": true
        },
        {
          "metric": "def bertscore_f1(references, predictions, **kwargs):\n    \"\"\"Computes the F1 score of the BERTScore metric.\n\n    Args:\n        references: A list of reference strings.\n        predictions: A list of predicted strings.\n        **kwargs: Additional keyword arguments.\n\n    Returns:\n        The F1 score of the BERTScore metric.\n    \"\"\"\n    bertscore = load(\"bertscore\")\n    return bertscore.compute(predictions=predictions, references=references, **kwargs)[\n        \"f1\"\n    ][0]\n",
          "aggregation": "mean",
          "higher_is_better": true,
          "model_type": "bert-base-multilingual-cased",
          "num_layers": 9
        }
      ],
      "output_type": "generate_until",
      "generation_kwargs": {
        "until": [
          "\n"
        ],
        "do_sample": false,
        "num_beams": 1,
        "max_new_tokens": 256
      },
      "repeats": 1,
      "should_decontaminate": false
    },
    "prompt-1": {
      "task": "prompt-1",
      "dataset_path": "Helsinki-NLP/tatoeba_mt",
      "dataset_name": "eng-nno",
      "training_split": "validation",
      "test_split": "test",
      "doc_to_text": "Omsett følgande setning til nynorsk: {{sourceString}}\nNynorsk:",
      "doc_to_target": "targetString",
      "description": "",
      "target_delimiter": " ",
      "fewshot_delimiter": "\n\n",
      "num_fewshot": 0,
      "metric_list": [
        {
          "metric": "bleu",
          "higher_is_better": true
        },
        {
          "metric": "chrf",
          "higher_is_better": true
        },
        {
          "metric": "def bertscore_f1(references, predictions, **kwargs):\n    \"\"\"Computes the F1 score of the BERTScore metric.\n\n    Args:\n        references: A list of reference strings.\n        predictions: A list of predicted strings.\n        **kwargs: Additional keyword arguments.\n\n    Returns:\n        The F1 score of the BERTScore metric.\n    \"\"\"\n    bertscore = load(\"bertscore\")\n    return bertscore.compute(predictions=predictions, references=references, **kwargs)[\n        \"f1\"\n    ][0]\n",
          "aggregation": "mean",
          "higher_is_better": true,
          "model_type": "bert-base-multilingual-cased",
          "num_layers": 9
        }
      ],
      "output_type": "generate_until",
      "generation_kwargs": {
        "until": [
          "\n"
        ],
        "do_sample": false,
        "num_beams": 1,
        "max_new_tokens": 256
      },
      "repeats": 1,
      "should_decontaminate": false
    },
    "prompt-2": {
      "task": "prompt-2",
      "dataset_path": "Helsinki-NLP/tatoeba_mt",
      "dataset_name": "eng-nno",
      "training_split": "validation",
      "test_split": "test",
      "doc_to_text": "Gje ei nynorsk omsetjing av denne setninga: {{sourceString}}\nNynorsk:",
      "doc_to_target": "targetString",
      "description": "",
      "target_delimiter": " ",
      "fewshot_delimiter": "\n\n",
      "num_fewshot": 0,
      "metric_list": [
        {
          "metric": "bleu",
          "higher_is_better": true
        },
        {
          "metric": "chrf",
          "higher_is_better": true
        },
        {
          "metric": "def bertscore_f1(references, predictions, **kwargs):\n    \"\"\"Computes the F1 score of the BERTScore metric.\n\n    Args:\n        references: A list of reference strings.\n        predictions: A list of predicted strings.\n        **kwargs: Additional keyword arguments.\n\n    Returns:\n        The F1 score of the BERTScore metric.\n    \"\"\"\n    bertscore = load(\"bertscore\")\n    return bertscore.compute(predictions=predictions, references=references, **kwargs)[\n        \"f1\"\n    ][0]\n",
          "aggregation": "mean",
          "higher_is_better": true,
          "model_type": "bert-base-multilingual-cased",
          "num_layers": 9
        }
      ],
      "output_type": "generate_until",
      "generation_kwargs": {
        "until": [
          "\n"
        ],
        "do_sample": false,
        "num_beams": 1,
        "max_new_tokens": 256
      },
      "repeats": 1,
      "should_decontaminate": false
    },
    "prompt-3": {
      "task": "prompt-3",
      "dataset_path": "Helsinki-NLP/tatoeba_mt",
      "dataset_name": "eng-nno",
      "training_split": "validation",
      "test_split": "test",
      "doc_to_text": "Kva blir \"{{sourceString}}\" på nynorsk?\nNynorsk:",
      "doc_to_target": "targetString",
      "description": "",
      "target_delimiter": " ",
      "fewshot_delimiter": "\n\n",
      "num_fewshot": 0,
      "metric_list": [
        {
          "metric": "bleu",
          "higher_is_better": true
        },
        {
          "metric": "chrf",