{
  "results": {
    "tatoeba_nob_eng_nb": {
      "bertscore_f1,none": 0.9158513542377985,
      "bertscore_f1_stderr,none": 0.0005713412821513519,
      "bleu,none": 41.52952434476058,
      "bleu_stderr,none": 0.5328579749765198,
      "chrf,none": 60.804146309258435,
      "chrf_stderr,none": 0.3310947920427692,
      "alias": "tatoeba_nob_eng_nb"
    },
    "prompt-0": {
      "bleu,none": 45.21348975011611,
      "bleu_stderr,none": 0.9752574424195777,
      "chrf,none": 62.23035599079929,
      "chrf_stderr,none": 0.654913624391776,
      "bertscore_f1,none": 0.9192397869752335,
      "bertscore_f1_stderr,none": 0.001061728324560808,
      "alias": " - prompt-0"
    },
    "prompt-1": {
      "bleu,none": 45.55040994869808,
      "bleu_stderr,none": 1.0424222742633358,
      "chrf,none": 62.548933818278755,
      "chrf_stderr,none": 0.6744512242275242,
      "bertscore_f1,none": 0.9231916234166467,
      "bertscore_f1_stderr,none": 0.0010447557835226644,
      "alias": " - prompt-1"
    },
    "prompt-2": {
      "bleu,none": 43.008353683960756,
      "bleu_stderr,none": 0.9705952447936964,
      "chrf,none": 61.454891339632375,
      "chrf_stderr,none": 0.6647753873470333,
      "bertscore_f1,none": 0.9194214383953728,
      "bertscore_f1_stderr,none": 0.0011018691301982917,
      "alias": " - prompt-2"
    },
    "prompt-3": {
      "bleu,none": 32.34584399626736,
      "bleu_stderr,none": 1.250270185938216,
      "chrf,none": 56.9824040883233,
      "chrf_stderr,none": 0.6544139028070358,
      "bertscore_f1,none": 0.9015525681639411,
      "bertscore_f1_stderr,none": 0.001337907511221503,
      "alias": " - prompt-3"
    }
  },
  "groups": {
    "tatoeba_nob_eng_nb": {
      "bertscore_f1,none": 0.9158513542377985,
      "bertscore_f1_stderr,none": 0.0005713412821513519,
      "bleu,none": 41.52952434476058,
      "bleu_stderr,none": 0.5328579749765198,
      "chrf,none": 60.804146309258435,
      "chrf_stderr,none": 0.3310947920427692,
      "alias": "tatoeba_nob_eng_nb"
    }
  },
  "group_subtasks": {
    "tatoeba_nob_eng_nb": [
      "prompt-3",
      "prompt-2",
      "prompt-1",
      "prompt-0"
    ]
  },
  "configs": {
    "prompt-0": {
      "task": "prompt-0",
      "dataset_path": "Helsinki-NLP/tatoeba_mt",
      "dataset_name": "eng-nob",
      "training_split": "validation",
      "test_split": "test",
      "doc_to_text": "Bokmål: {{targetString}}\nEngelsk:",
      "doc_to_target": "sourceString",
      "description": "",
      "target_delimiter": " ",
      "fewshot_delimiter": "\n\n",
      "num_fewshot": 1,
      "metric_list": [
        {
          "metric": "bleu",
          "higher_is_better": true
        },
        {
          "metric": "chrf",
          "higher_is_better": true
        },
        {
          "metric": "def bertscore_f1(references, predictions, **kwargs):\n    \"\"\"Computes the F1 score of the BERTScore metric.\n\n    Args:\n        references: A list of reference strings.\n        predictions: A list of predicted strings.\n        **kwargs: Additional keyword arguments.\n\n    Returns:\n        The F1 score of the BERTScore metric.\n    \"\"\"\n    bertscore = load(\"bertscore\")\n    return bertscore.compute(predictions=predictions, references=references, **kwargs)[\n        \"f1\"\n    ][0]\n",
          "aggregation": "mean",
          "higher_is_better": true,
          "model_type": "bert-base-multilingual-cased",
          "num_layers": 9
        }
      ],
      "output_type": "generate_until",
      "generation_kwargs": {
        "until": [
          "\n"
        ],
        "do_sample": false,
        "num_beams": 1,
        "max_new_tokens": 256
      },
      "repeats": 1,
      "should_decontaminate": false
    },
    "prompt-1": {
      "task": "prompt-1",
      "dataset_path": "Helsinki-NLP/tatoeba_mt",
      "dataset_name": "eng-nob",
      "training_split": "validation",
      "test_split": "test",
      "doc_to_text": "Oversett følgende setning til engelsk: {{targetString}}\nEngelsk:",
      "doc_to_target": "sourceString",
      "description": "",
      "target_delimiter": " ",
      "fewshot_delimiter": "\n\n",
      "num_fewshot": 1,
      "metric_list": [
        {
          "metric": "bleu",
          "higher_is_better": true
        },
        {
          "metric": "chrf",
          "higher_is_better": true
        },
        {
          "metric": "def bertscore_f1(references, predictions, **kwargs):\n    \"\"\"Computes the F1 score of the BERTScore metric.\n\n    Args:\n        references: A list of reference strings.\n        predictions: A list of predicted strings.\n        **kwargs: Additional keyword arguments.\n\n    Returns:\n        The F1 score of the BERTScore metric.\n    \"\"\"\n    bertscore = load(\"bertscore\")\n    return bertscore.compute(predictions=predictions, references=references, **kwargs)[\n        \"f1\"\n    ][0]\n",
          "aggregation": "mean",
          "higher_is_better": true,
          "model_type": "bert-base-multilingual-cased",
          "num_layers": 9
        }
      ],
      "output_type": "generate_until",
      "generation_kwargs": {
        "until": [
          "\n"
        ],
        "do_sample": false,
        "num_beams": 1,
        "max_new_tokens": 256
      },
      "repeats": 1,
      "should_decontaminate": false
    },
    "prompt-2": {
      "task": "prompt-2",
      "dataset_path": "Helsinki-NLP/tatoeba_mt",
      "dataset_name": "eng-nob",
      "training_split": "validation",
      "test_split": "test",
      "doc_to_text": "Gi en engelsk oversettelse av denne setningen: {{targetString}}\nEngelsk:",
      "doc_to_target": "sourceString",
      "description": "",
      "target_delimiter": " ",
      "fewshot_delimiter": "\n\n",
      "num_fewshot": 1,
      "metric_list": [
        {
          "metric": "bleu",
          "higher_is_better": true
        },
        {
          "metric": "chrf",
          "higher_is_better": true
        },
        {
          "metric": "def bertscore_f1(references, predictions, **kwargs):\n    \"\"\"Computes the F1 score of the BERTScore metric.\n\n    Args:\n        references: A list of reference strings.\n        predictions: A list of predicted strings.\n        **kwargs: Additional keyword arguments.\n\n    Returns:\n        The F1 score of the BERTScore metric.\n    \"\"\"\n    bertscore = load(\"bertscore\")\n    return bertscore.compute(predictions=predictions, references=references, **kwargs)[\n        \"f1\"\n    ][0]\n",
          "aggregation": "mean",
          "higher_is_better": true,
          "model_type": "bert-base-multilingual-cased",
          "num_layers": 9
        }
      ],
      "output_type": "generate_until",
      "generation_kwargs": {
        "until": [
          "\n"
        ],
        "do_sample": false,
        "num_beams": 1,
        "max_new_tokens": 256
      },
      "repeats": 1,
      "should_decontaminate": false
    },
    "prompt-3": {
      "task": "prompt-3",
      "dataset_path": "Helsinki-NLP/tatoeba_mt",
      "dataset_name": "eng-nob",
      "training_split": "validation",
      "test_split": "test",
      "doc_to_text": "Hva blir \"{{targetString}}\" på engelsk?\nEngelsk:",
      "doc_to_target": "sourceString",
      "description": "",
      "target_delimiter": " ",
      "fewshot_delimiter": "\n\n",
      "num_fewshot": 1,
      "metric_list": [
        {
          "metric": "bleu",
          "higher_is_better": true
        },
        {
          "metric": "chrf",