{
  "results": {
    "tatoeba_eng_nno_nn": {
      "chrf,none": 8.636061107550395,
      "chrf_stderr,none": 0.19958654112492594,
      "bertscore_f1,none": 0.6842705629003074,
      "bertscore_f1_stderr,none": 0.0019707526583233013,
      "bleu,none": 0.07740304237090925,
      "bleu_stderr,none": 0.007119443068932538,
      "alias": "tatoeba_eng_nno_nn"
    },
    "prompt-0": {
      "bleu,none": 0.08337197379337043,
      "bleu_stderr,none": 0.015257535541200243,
      "chrf,none": 9.293699755268076,
      "chrf_stderr,none": 0.4164362876522394,
      "bertscore_f1,none": 0.695141830410573,
      "bertscore_f1_stderr,none": 0.0038138432484836745,
      "alias": " - prompt-0"
    },
    "prompt-1": {
      "bleu,none": 0.09559127764362514,
      "bleu_stderr,none": 0.015026834991995483,
      "chrf,none": 9.123870194022706,
      "chrf_stderr,none": 0.3652086462998722,
      "bertscore_f1,none": 0.6876729245019634,
      "bertscore_f1_stderr,none": 0.0035865824399011715,
      "alias": " - prompt-1"
    },
    "prompt-2": {
      "bleu,none": 0.0663579618780372,
      "bleu_stderr,none": 0.011680261389236758,
      "chrf,none": 8.70953821964345,
      "chrf_stderr,none": 0.43504497039657725,
      "bertscore_f1,none": 0.6908840301379658,
      "bertscore_f1_stderr,none": 0.003902194007682131,
      "alias": " - prompt-2"
    },
    "prompt-3": {
      "bleu,none": 0.06429095616860428,
      "bleu_stderr,none": 0.014695470288486901,
      "chrf,none": 7.4171362612673475,
      "chrf_stderr,none": 0.375893515637428,
      "bertscore_f1,none": 0.6633834665507273,
      "bertscore_f1_stderr,none": 0.0044165331028773545,
      "alias": " - prompt-3"
    }
  },
  "groups": {
    "tatoeba_eng_nno_nn": {
      "chrf,none": 8.636061107550395,
      "chrf_stderr,none": 0.19958654112492594,
      "bertscore_f1,none": 0.6842705629003074,
      "bertscore_f1_stderr,none": 0.0019707526583233013,
      "bleu,none": 0.07740304237090925,
      "bleu_stderr,none": 0.007119443068932538,
      "alias": "tatoeba_eng_nno_nn"
    }
  },
  "group_subtasks": {
    "tatoeba_eng_nno_nn": [
      "prompt-3",
      "prompt-2",
      "prompt-1",
      "prompt-0"
    ]
  },
  "configs": {
    "prompt-0": {
      "task": "prompt-0",
      "dataset_path": "Helsinki-NLP/tatoeba_mt",
      "dataset_name": "eng-nno",
      "training_split": "validation",
      "test_split": "test",
      "doc_to_text": "Engelsk: {{sourceString}}\nNynorsk:",
      "doc_to_target": "targetString",
      "description": "",
      "target_delimiter": " ",
      "fewshot_delimiter": "\n\n",
      "num_fewshot": 16,
      "metric_list": [
        {
          "metric": "bleu",
          "higher_is_better": true
        },
        {
          "metric": "chrf",
          "higher_is_better": true
        },
        {
          "metric": "def bertscore_f1(references, predictions, **kwargs):\n    \"\"\"Computes the F1 score of the BERTScore metric.\n\n    Args:\n        references: A list of reference strings.\n        predictions: A list of predicted strings.\n        **kwargs: Additional keyword arguments.\n\n    Returns:\n        The F1 score of the BERTScore metric.\n    \"\"\"\n    bertscore = load(\"bertscore\")\n    return bertscore.compute(predictions=predictions, references=references, **kwargs)[\n        \"f1\"\n    ][0]\n",
          "aggregation": "mean",
          "higher_is_better": true,
          "model_type": "bert-base-multilingual-cased",
          "num_layers": 9
        }
      ],
      "output_type": "generate_until",
      "generation_kwargs": {
        "until": [
          "\n"
        ],
        "do_sample": false,
        "num_beams": 1,
        "max_new_tokens": 256
      },
      "repeats": 1,
      "should_decontaminate": false
    },
    "prompt-1": {
      "task": "prompt-1",
      "dataset_path": "Helsinki-NLP/tatoeba_mt",
      "dataset_name": "eng-nno",
      "training_split": "validation",
      "test_split": "test",
      "doc_to_text": "Omsett følgande setning til nynorsk: {{sourceString}}\nNynorsk:",
      "doc_to_target": "targetString",
      "description": "",
      "target_delimiter": " ",
      "fewshot_delimiter": "\n\n",
      "num_fewshot": 16,
      "metric_list": [
        {
          "metric": "bleu",
          "higher_is_better": true
        },
        {
          "metric": "chrf",
          "higher_is_better": true
        },
        {
          "metric": "def bertscore_f1(references, predictions, **kwargs):\n    \"\"\"Computes the F1 score of the BERTScore metric.\n\n    Args:\n        references: A list of reference strings.\n        predictions: A list of predicted strings.\n        **kwargs: Additional keyword arguments.\n\n    Returns:\n        The F1 score of the BERTScore metric.\n    \"\"\"\n    bertscore = load(\"bertscore\")\n    return bertscore.compute(predictions=predictions, references=references, **kwargs)[\n        \"f1\"\n    ][0]\n",
          "aggregation": "mean",
          "higher_is_better": true,
          "model_type": "bert-base-multilingual-cased",
          "num_layers": 9
        }
      ],
      "output_type": "generate_until",
      "generation_kwargs": {
        "until": [
          "\n"
        ],
        "do_sample": false,
        "num_beams": 1,
        "max_new_tokens": 256
      },
      "repeats": 1,
      "should_decontaminate": false
    },
    "prompt-2": {
      "task": "prompt-2",
      "dataset_path": "Helsinki-NLP/tatoeba_mt",
      "dataset_name": "eng-nno",
      "training_split": "validation",
      "test_split": "test",
      "doc_to_text": "Gje ei nynorsk omsetjing av denne setninga: {{sourceString}}\nNynorsk:",
      "doc_to_target": "targetString",
      "description": "",
      "target_delimiter": " ",
      "fewshot_delimiter": "\n\n",
      "num_fewshot": 16,
      "metric_list": [
        {
          "metric": "bleu",
          "higher_is_better": true
        },
        {
          "metric": "chrf",
          "higher_is_better": true
        },
        {
          "metric": "def bertscore_f1(references, predictions, **kwargs):\n    \"\"\"Computes the F1 score of the BERTScore metric.\n\n    Args:\n        references: A list of reference strings.\n        predictions: A list of predicted strings.\n        **kwargs: Additional keyword arguments.\n\n    Returns:\n        The F1 score of the BERTScore metric.\n    \"\"\"\n    bertscore = load(\"bertscore\")\n    return bertscore.compute(predictions=predictions, references=references, **kwargs)[\n        \"f1\"\n    ][0]\n",
          "aggregation": "mean",
          "higher_is_better": true,
          "model_type": "bert-base-multilingual-cased",
          "num_layers": 9
        }
      ],
      "output_type": "generate_until",
      "generation_kwargs": {
        "until": [
          "\n"
        ],
        "do_sample": false,
        "num_beams": 1,
        "max_new_tokens": 256
      },
      "repeats": 1,
      "should_decontaminate": false
    },
    "prompt-3": {
      "task": "prompt-3",
      "dataset_path": "Helsinki-NLP/tatoeba_mt",
      "dataset_name": "eng-nno",
      "training_split": "validation",
      "test_split": "test",
      "doc_to_text": "Kva blir \"{{sourceString}}\" på nynorsk?\nNynorsk:",
      "doc_to_target": "targetString",
      "description": "",
      "target_delimiter": " ",
      "fewshot_delimiter": "\n\n",
      "num_fewshot": 16,
      "metric_list": [
        {
          "metric": "bleu",
          "higher_is_better": true
        },
        {
          "metric": "chrf",