{
  "results": {
    "tatoeba_eng_nob_nb": {
      "bleu,none": 0.05420539183234604,
      "bleu_stderr,none": 0.007054060192505945,
      "bertscore_f1,none": 0.6855045631232373,
      "bertscore_f1_stderr,none": 0.0006448910960990203,
      "chrf,none": 7.980356370135767,
      "chrf_stderr,none": 0.061533846828682195,
      "alias": "tatoeba_eng_nob_nb"
    },
    "prompt-0": {
      "bleu,none": 0.05383772569696781,
      "bleu_stderr,none": 0.01493179779085576,
      "chrf,none": 7.70071073864747,
      "chrf_stderr,none": 0.11559462494271894,
      "bertscore_f1,none": 0.6891738994891762,
      "bertscore_f1_stderr,none": 0.0012912167209036892,
      "alias": " - prompt-0"
    },
    "prompt-1": {
      "bleu,none": 0.05239089910280525,
      "bleu_stderr,none": 0.014474281924450357,
      "chrf,none": 7.979802271558197,
      "chrf_stderr,none": 0.12879052066345842,
      "bertscore_f1,none": 0.6913125946585855,
      "bertscore_f1_stderr,none": 0.0013159540317092136,
      "alias": " - prompt-1"
    },
    "prompt-2": {
      "bleu,none": 0.04863334596623774,
      "bleu_stderr,none": 0.013428053759005113,
      "chrf,none": 8.316323047754132,
      "chrf_stderr,none": 0.128039772904978,
      "bertscore_f1,none": 0.6898987035543291,
      "bertscore_f1_stderr,none": 0.0012975845555255766,
      "alias": " - prompt-2"
    },
    "prompt-3": {
      "bleu,none": 0.061959596563373326,
      "bleu_stderr,none": 0.013541794302888576,
      "chrf,none": 7.924589422583271,
      "chrf_stderr,none": 0.11932866342417756,
      "bertscore_f1,none": 0.6716330547908583,
      "bertscore_f1_stderr,none": 0.0012535753270518752,
      "alias": " - prompt-3"
    }
  },
  "groups": {
    "tatoeba_eng_nob_nb": {
      "bleu,none": 0.05420539183234604,
      "bleu_stderr,none": 0.007054060192505945,
      "bertscore_f1,none": 0.6855045631232373,
      "bertscore_f1_stderr,none": 0.0006448910960990203,
      "chrf,none": 7.980356370135767,
      "chrf_stderr,none": 0.061533846828682195,
      "alias": "tatoeba_eng_nob_nb"
    }
  },
  "group_subtasks": {
    "tatoeba_eng_nob_nb": [
      "prompt-3",
      "prompt-2",
      "prompt-1",
      "prompt-0"
    ]
  },
  "configs": {
    "prompt-0": {
      "task": "prompt-0",
      "dataset_path": "Helsinki-NLP/tatoeba_mt",
      "dataset_name": "eng-nob",
      "training_split": "validation",
      "test_split": "test",
      "doc_to_text": "Engelsk: {{sourceString}}\nBokmål:",
      "doc_to_target": "targetString",
      "description": "",
      "target_delimiter": " ",
      "fewshot_delimiter": "\n\n",
      "num_fewshot": 4,
      "metric_list": [
        {
          "metric": "bleu",
          "higher_is_better": true
        },
        {
          "metric": "chrf",
          "higher_is_better": true
        },
        {
          "metric": "def bertscore_f1(references, predictions, **kwargs):\n    \"\"\"Computes the F1 score of the BERTScore metric.\n\n    Args:\n        references: A list of reference strings.\n        predictions: A list of predicted strings.\n        **kwargs: Additional keyword arguments.\n\n    Returns:\n        The F1 score of the BERTScore metric.\n    \"\"\"\n    bertscore = load(\"bertscore\")\n    return bertscore.compute(predictions=predictions, references=references, **kwargs)[\n        \"f1\"\n    ][0]\n",
          "aggregation": "mean",
          "higher_is_better": true,
          "model_type": "bert-base-multilingual-cased",
          "num_layers": 9
        }
      ],
      "output_type": "generate_until",
      "generation_kwargs": {
        "until": [
          "\n"
        ],
        "do_sample": false,
        "num_beams": 1,
        "max_new_tokens": 256
      },
      "repeats": 1,
      "should_decontaminate": false
    },
    "prompt-1": {
      "task": "prompt-1",
      "dataset_path": "Helsinki-NLP/tatoeba_mt",
      "dataset_name": "eng-nob",
      "training_split": "validation",
      "test_split": "test",
      "doc_to_text": "Oversett følgende setning til norsk bokmål: {{sourceString}}\nBokmål:",
      "doc_to_target": "targetString",
      "description": "",
      "target_delimiter": " ",
      "fewshot_delimiter": "\n\n",
      "num_fewshot": 4,
      "metric_list": [
        {
          "metric": "bleu",
          "higher_is_better": true
        },
        {
          "metric": "chrf",
          "higher_is_better": true
        },
        {
          "metric": "def bertscore_f1(references, predictions, **kwargs):\n    \"\"\"Computes the F1 score of the BERTScore metric.\n\n    Args:\n        references: A list of reference strings.\n        predictions: A list of predicted strings.\n        **kwargs: Additional keyword arguments.\n\n    Returns:\n        The F1 score of the BERTScore metric.\n    \"\"\"\n    bertscore = load(\"bertscore\")\n    return bertscore.compute(predictions=predictions, references=references, **kwargs)[\n        \"f1\"\n    ][0]\n",
          "aggregation": "mean",
          "higher_is_better": true,
          "model_type": "bert-base-multilingual-cased",
          "num_layers": 9
        }
      ],
      "output_type": "generate_until",
      "generation_kwargs": {
        "until": [
          "\n"
        ],
        "do_sample": false,
        "num_beams": 1,
        "max_new_tokens": 256
      },
      "repeats": 1,
      "should_decontaminate": false
    },
    "prompt-2": {
      "task": "prompt-2",
      "dataset_path": "Helsinki-NLP/tatoeba_mt",
      "dataset_name": "eng-nob",
      "training_split": "validation",
      "test_split": "test",
      "doc_to_text": "Gi en oversettelse til bokmål for denne setningen: {{sourceString}}\nBokmål:",
      "doc_to_target": "targetString",
      "description": "",
      "target_delimiter": " ",
      "fewshot_delimiter": "\n\n",
      "num_fewshot": 4,
      "metric_list": [
        {
          "metric": "bleu",
          "higher_is_better": true
        },
        {
          "metric": "chrf",
          "higher_is_better": true
        },
        {
          "metric": "def bertscore_f1(references, predictions, **kwargs):\n    \"\"\"Computes the F1 score of the BERTScore metric.\n\n    Args:\n        references: A list of reference strings.\n        predictions: A list of predicted strings.\n        **kwargs: Additional keyword arguments.\n\n    Returns:\n        The F1 score of the BERTScore metric.\n    \"\"\"\n    bertscore = load(\"bertscore\")\n    return bertscore.compute(predictions=predictions, references=references, **kwargs)[\n        \"f1\"\n    ][0]\n",
          "aggregation": "mean",
          "higher_is_better": true,
          "model_type": "bert-base-multilingual-cased",
          "num_layers": 9
        }
      ],
      "output_type": "generate_until",
      "generation_kwargs": {
        "until": [
          "\n"
        ],
        "do_sample": false,
        "num_beams": 1,
        "max_new_tokens": 256
      },
      "repeats": 1,
      "should_decontaminate": false
    },
    "prompt-3": {
      "task": "prompt-3",
      "dataset_path": "Helsinki-NLP/tatoeba_mt",
      "dataset_name": "eng-nob",
      "training_split": "validation",
      "test_split": "test",
      "doc_to_text": "Hva blir \"{{sourceString}}\" på bokmål?\nBokmål:",
      "doc_to_target": "targetString",
      "description": "",
      "target_delimiter": " ",
      "fewshot_delimiter": "\n\n",
      "num_fewshot": 4,
      "metric_list": [
        {
          "metric": "bleu",
          "higher_is_better": true
        },
        {
          "metric": "chrf",