{
  "results": {
    "tatoeba_nno_eng_nn": {
      "bertscore_f1,none": 0.9188510114590847,
      "bertscore_f1_stderr,none": 0.0017119060648235257,
      "bleu,none": 44.21350068706202,
      "bleu_stderr,none": 1.5156777113200781,
      "chrf,none": 61.02368245814416,
      "chrf_stderr,none": 0.7089633160070279,
      "alias": "tatoeba_nno_eng_nn"
    },
    "prompt-0": {
      "bleu,none": 46.71535330096621,
      "bleu_stderr,none": 1.792385277225898,
      "chrf,none": 62.195797846805924,
      "chrf_stderr,none": 1.2909494222533424,
      "bertscore_f1,none": 0.9211907828295672,
      "bertscore_f1_stderr,none": 0.0032682679834008703,
      "alias": " - prompt-0"
    },
    "prompt-1": {
      "bleu,none": 43.5690987756184,
      "bleu_stderr,none": 3.456543557487539,
      "chrf,none": 60.64095280602332,
      "chrf_stderr,none": 1.5296367460197933,
      "bertscore_f1,none": 0.9177192876801252,
      "bertscore_f1_stderr,none": 0.00348700253115491,
      "alias": " - prompt-1"
    },
    "prompt-2": {
      "bleu,none": 43.412650450541605,
      "bleu_stderr,none": 3.364854611165542,
      "chrf,none": 60.37628800014002,
      "chrf_stderr,none": 1.528745812220172,
      "bertscore_f1,none": 0.9184900430033149,
      "bertscore_f1_stderr,none": 0.00346478858196018,
      "alias": " - prompt-2"
    },
    "prompt-3": {
      "bleu,none": 43.156900221121866,
      "bleu_stderr,none": 3.205289049738376,
      "chrf,none": 60.881691179607365,
      "chrf_stderr,none": 1.3033268934261737,
      "bertscore_f1,none": 0.9180039323233311,
      "bertscore_f1_stderr,none": 0.003470509446059402,
      "alias": " - prompt-3"
    }
  },
  "groups": {
    "tatoeba_nno_eng_nn": {
      "bertscore_f1,none": 0.9188510114590847,
      "bertscore_f1_stderr,none": 0.0017119060648235257,
      "bleu,none": 44.21350068706202,
      "bleu_stderr,none": 1.5156777113200781,
      "chrf,none": 61.02368245814416,
      "chrf_stderr,none": 0.7089633160070279,
      "alias": "tatoeba_nno_eng_nn"
    }
  },
  "group_subtasks": {
    "tatoeba_nno_eng_nn": [
      "prompt-3",
      "prompt-2",
      "prompt-1",
      "prompt-0"
    ]
  },
  "configs": {
    "prompt-0": {
      "task": "prompt-0",
      "dataset_path": "Helsinki-NLP/tatoeba_mt",
      "dataset_name": "eng-nno",
      "training_split": "validation",
      "test_split": "test",
      "doc_to_text": "Nynorsk: {{targetString}}\nEngelsk:",
      "doc_to_target": "sourceString",
      "description": "",
      "target_delimiter": " ",
      "fewshot_delimiter": "\n\n",
      "num_fewshot": 16,
      "metric_list": [
        {
          "metric": "bleu",
          "higher_is_better": true
        },
        {
          "metric": "chrf",
          "higher_is_better": true
        },
        {
          "metric": "def bertscore_f1(references, predictions, **kwargs):\n    \"\"\"Computes the F1 score of the BERTScore metric.\n\n    Args:\n        references: A list of reference strings.\n        predictions: A list of predicted strings.\n        **kwargs: Additional keyword arguments.\n\n    Returns:\n        The F1 score of the BERTScore metric.\n    \"\"\"\n    bertscore = load(\"bertscore\")\n    return bertscore.compute(predictions=predictions, references=references, **kwargs)[\n        \"f1\"\n    ][0]\n",
          "aggregation": "mean",
          "higher_is_better": true,
          "model_type": "bert-base-multilingual-cased",
          "num_layers": 9
        }
      ],
      "output_type": "generate_until",
      "generation_kwargs": {
        "until": [
          "\n"
        ],
        "do_sample": false,
        "num_beams": 1,
        "max_new_tokens": 256
      },
      "repeats": 1,
      "should_decontaminate": false
    },
    "prompt-1": {
      "task": "prompt-1",
      "dataset_path": "Helsinki-NLP/tatoeba_mt",
      "dataset_name": "eng-nno",
      "training_split": "validation",
      "test_split": "test",
      "doc_to_text": "Omsett følgande setning til engelsk: {{targetString}}\nEngelsk:",
      "doc_to_target": "sourceString",
      "description": "",
      "target_delimiter": " ",
      "fewshot_delimiter": "\n\n",
      "num_fewshot": 16,
      "metric_list": [
        {
          "metric": "bleu",
          "higher_is_better": true
        },
        {
          "metric": "chrf",
          "higher_is_better": true
        },
        {
          "metric": "def bertscore_f1(references, predictions, **kwargs):\n    \"\"\"Computes the F1 score of the BERTScore metric.\n\n    Args:\n        references: A list of reference strings.\n        predictions: A list of predicted strings.\n        **kwargs: Additional keyword arguments.\n\n    Returns:\n        The F1 score of the BERTScore metric.\n    \"\"\"\n    bertscore = load(\"bertscore\")\n    return bertscore.compute(predictions=predictions, references=references, **kwargs)[\n        \"f1\"\n    ][0]\n",
          "aggregation": "mean",
          "higher_is_better": true,
          "model_type": "bert-base-multilingual-cased",
          "num_layers": 9
        }
      ],
      "output_type": "generate_until",
      "generation_kwargs": {
        "until": [
          "\n"
        ],
        "do_sample": false,
        "num_beams": 1,
        "max_new_tokens": 256
      },
      "repeats": 1,
      "should_decontaminate": false
    },
    "prompt-2": {
      "task": "prompt-2",
      "dataset_path": "Helsinki-NLP/tatoeba_mt",
      "dataset_name": "eng-nno",
      "training_split": "validation",
      "test_split": "test",
      "doc_to_text": "Gje ei engelsk omsetjing av denne setninga: {{targetString}}\nEngelsk:",
      "doc_to_target": "sourceString",
      "description": "",
      "target_delimiter": " ",
      "fewshot_delimiter": "\n\n",
      "num_fewshot": 16,
      "metric_list": [
        {
          "metric": "bleu",
          "higher_is_better": true
        },
        {
          "metric": "chrf",
          "higher_is_better": true
        },
        {
          "metric": "def bertscore_f1(references, predictions, **kwargs):\n    \"\"\"Computes the F1 score of the BERTScore metric.\n\n    Args:\n        references: A list of reference strings.\n        predictions: A list of predicted strings.\n        **kwargs: Additional keyword arguments.\n\n    Returns:\n        The F1 score of the BERTScore metric.\n    \"\"\"\n    bertscore = load(\"bertscore\")\n    return bertscore.compute(predictions=predictions, references=references, **kwargs)[\n        \"f1\"\n    ][0]\n",
          "aggregation": "mean",
          "higher_is_better": true,
          "model_type": "bert-base-multilingual-cased",
          "num_layers": 9
        }
      ],
      "output_type": "generate_until",
      "generation_kwargs": {
        "until": [
          "\n"
        ],
        "do_sample": false,
        "num_beams": 1,
        "max_new_tokens": 256
      },
      "repeats": 1,
      "should_decontaminate": false
    },
    "prompt-3": {
      "task": "prompt-3",
      "dataset_path": "Helsinki-NLP/tatoeba_mt",
      "dataset_name": "eng-nno",
      "training_split": "validation",
      "test_split": "test",
      "doc_to_text": "Kva blir \"{{targetString}}\" på engelsk?\nEngelsk:",
      "doc_to_target": "sourceString",
      "description": "",
      "target_delimiter": " ",
      "fewshot_delimiter": "\n\n",
      "num_fewshot": 16,
      "metric_list": [
        {
          "metric": "bleu",
          "higher_is_better": true
        },
        {
          "metric": "chrf",