{
  "results": {
    "tatoeba_nno_eng_nn": {
      "bertscore_f1,none": 0.6808787218593304,
      "bertscore_f1_stderr,none": 0.0019370694478814765,
      "bleu,none": 0.09408472219898197,
      "bleu_stderr,none": 0.01220907498152933,
      "chrf,none": 7.511161690430228,
      "chrf_stderr,none": 0.17306500833381314,
      "alias": "tatoeba_nno_eng_nn"
    },
    "prompt-0": {
      "bleu,none": 0.10839310370348584,
      "bleu_stderr,none": 0.029774338723419305,
      "chrf,none": 8.494825828490548,
      "chrf_stderr,none": 0.4012790773742535,
      "bertscore_f1,none": 0.6966518568187497,
      "bertscore_f1_stderr,none": 0.0036253206210775995,
      "alias": " - prompt-0"
    },
    "prompt-1": {
      "bleu,none": 0.11684717568781329,
      "bleu_stderr,none": 0.029851555647715876,
      "chrf,none": 8.294119185361732,
      "chrf_stderr,none": 0.3865686992050727,
      "bertscore_f1,none": 0.6933108879849802,
      "bertscore_f1_stderr,none": 0.003611822178383085,
      "alias": " - prompt-1"
    },
    "prompt-2": {
      "bleu,none": 0.09760930891479777,
      "bleu_stderr,none": 0.023345370765713566,
      "chrf,none": 7.7915399333292,
      "chrf_stderr,none": 0.3459970139670485,
      "bertscore_f1,none": 0.6824158599563673,
      "bertscore_f1_stderr,none": 0.0035129244185406637,
      "alias": " - prompt-2"
    },
    "prompt-3": {
      "bleu,none": 0.05348930048983101,
      "bleu_stderr,none": 0.007896279711324134,
      "chrf,none": 5.464161814539431,
      "chrf_stderr,none": 0.22147181070234845,
      "bertscore_f1,none": 0.6511362826772246,
      "bertscore_f1_stderr,none": 0.004637559887527481,
      "alias": " - prompt-3"
    }
  },
  "groups": {
    "tatoeba_nno_eng_nn": {
      "bertscore_f1,none": 0.6808787218593304,
      "bertscore_f1_stderr,none": 0.0019370694478814765,
      "bleu,none": 0.09408472219898197,
      "bleu_stderr,none": 0.01220907498152933,
      "chrf,none": 7.511161690430228,
      "chrf_stderr,none": 0.17306500833381314,
      "alias": "tatoeba_nno_eng_nn"
    }
  },
  "group_subtasks": {
    "tatoeba_nno_eng_nn": [
      "prompt-3",
      "prompt-2",
      "prompt-1",
      "prompt-0"
    ]
  },
  "configs": {
    "prompt-0": {
      "task": "prompt-0",
      "dataset_path": "Helsinki-NLP/tatoeba_mt",
      "dataset_name": "eng-nno",
      "training_split": "validation",
      "test_split": "test",
      "doc_to_text": "Nynorsk: {{targetString}}\nEngelsk:",
      "doc_to_target": "sourceString",
      "description": "",
      "target_delimiter": " ",
      "fewshot_delimiter": "\n\n",
      "num_fewshot": 4,
      "metric_list": [
        {
          "metric": "bleu",
          "higher_is_better": true
        },
        {
          "metric": "chrf",
          "higher_is_better": true
        },
        {
          "metric": "def bertscore_f1(references, predictions, **kwargs):\n    \"\"\"Computes the F1 score of the BERTScore metric.\n\n    Args:\n        references: A list of reference strings.\n        predictions: A list of predicted strings.\n        **kwargs: Additional keyword arguments.\n\n    Returns:\n        The F1 score of the BERTScore metric.\n    \"\"\"\n    bertscore = load(\"bertscore\")\n    return bertscore.compute(predictions=predictions, references=references, **kwargs)[\n        \"f1\"\n    ][0]\n",
          "aggregation": "mean",
          "higher_is_better": true,
          "model_type": "bert-base-multilingual-cased",
          "num_layers": 9
        }
      ],
      "output_type": "generate_until",
      "generation_kwargs": {
        "until": [
          "\n"
        ],
        "do_sample": false,
        "num_beams": 1,
        "max_new_tokens": 256
      },
      "repeats": 1,
      "should_decontaminate": false
    },
    "prompt-1": {
      "task": "prompt-1",
      "dataset_path": "Helsinki-NLP/tatoeba_mt",
      "dataset_name": "eng-nno",
      "training_split": "validation",
      "test_split": "test",
      "doc_to_text": "Omsett følgande setning til engelsk: {{targetString}}\nEngelsk:",
      "doc_to_target": "sourceString",
      "description": "",
      "target_delimiter": " ",
      "fewshot_delimiter": "\n\n",
      "num_fewshot": 4,
      "metric_list": [
        {
          "metric": "bleu",
          "higher_is_better": true
        },
        {
          "metric": "chrf",
          "higher_is_better": true
        },
        {
          "metric": "def bertscore_f1(references, predictions, **kwargs):\n    \"\"\"Computes the F1 score of the BERTScore metric.\n\n    Args:\n        references: A list of reference strings.\n        predictions: A list of predicted strings.\n        **kwargs: Additional keyword arguments.\n\n    Returns:\n        The F1 score of the BERTScore metric.\n    \"\"\"\n    bertscore = load(\"bertscore\")\n    return bertscore.compute(predictions=predictions, references=references, **kwargs)[\n        \"f1\"\n    ][0]\n",
          "aggregation": "mean",
          "higher_is_better": true,
          "model_type": "bert-base-multilingual-cased",
          "num_layers": 9
        }
      ],
      "output_type": "generate_until",
      "generation_kwargs": {
        "until": [
          "\n"
        ],
        "do_sample": false,
        "num_beams": 1,
        "max_new_tokens": 256
      },
      "repeats": 1,
      "should_decontaminate": false
    },
    "prompt-2": {
      "task": "prompt-2",
      "dataset_path": "Helsinki-NLP/tatoeba_mt",
      "dataset_name": "eng-nno",
      "training_split": "validation",
      "test_split": "test",
      "doc_to_text": "Gje ei engelsk omsetjing av denne setninga: {{targetString}}\nEngelsk:",
      "doc_to_target": "sourceString",
      "description": "",
      "target_delimiter": " ",
      "fewshot_delimiter": "\n\n",
      "num_fewshot": 4,
      "metric_list": [
        {
          "metric": "bleu",
          "higher_is_better": true
        },
        {
          "metric": "chrf",
          "higher_is_better": true
        },
        {
          "metric": "def bertscore_f1(references, predictions, **kwargs):\n    \"\"\"Computes the F1 score of the BERTScore metric.\n\n    Args:\n        references: A list of reference strings.\n        predictions: A list of predicted strings.\n        **kwargs: Additional keyword arguments.\n\n    Returns:\n        The F1 score of the BERTScore metric.\n    \"\"\"\n    bertscore = load(\"bertscore\")\n    return bertscore.compute(predictions=predictions, references=references, **kwargs)[\n        \"f1\"\n    ][0]\n",
          "aggregation": "mean",
          "higher_is_better": true,
          "model_type": "bert-base-multilingual-cased",
          "num_layers": 9
        }
      ],
      "output_type": "generate_until",
      "generation_kwargs": {
        "until": [
          "\n"
        ],
        "do_sample": false,
        "num_beams": 1,
        "max_new_tokens": 256
      },
      "repeats": 1,
      "should_decontaminate": false
    },
    "prompt-3": {
      "task": "prompt-3",
      "dataset_path": "Helsinki-NLP/tatoeba_mt",
      "dataset_name": "eng-nno",
      "training_split": "validation",
      "test_split": "test",
      "doc_to_text": "Kva blir \"{{targetString}}\" på engelsk?\nEngelsk:",
      "doc_to_target": "sourceString",
      "description": "",
      "target_delimiter": " ",
      "fewshot_delimiter": "\n\n",
      "num_fewshot": 4,
      "metric_list": [
        {
          "metric": "bleu",
          "higher_is_better": true
        },
        {
          "metric": "chrf",