{
  "results": {
    "tatoeba_eng_nob_nb": {
      "bertscore_f1,none": 0.681604006621164,
      "bertscore_f1_stderr,none": 0.0006159101857876728,
      "bleu,none": 0.06749834182192985,
      "bleu_stderr,none": 0.007341224060692608,
      "chrf,none": 7.954327649041697,
      "chrf_stderr,none": 0.057531196539386584,
      "alias": "tatoeba_eng_nob_nb"
    },
    "prompt-0": {
      "bleu,none": 0.06190852815525042,
      "bleu_stderr,none": 0.015982275783985936,
      "chrf,none": 8.167089799171936,
      "chrf_stderr,none": 0.09843191876246896,
      "bertscore_f1,none": 0.6885555659610829,
      "bertscore_f1_stderr,none": 0.0011194850063029342,
      "alias": " - prompt-0"
    },
    "prompt-1": {
      "bleu,none": 0.050263547430778446,
      "bleu_stderr,none": 0.015122629661400952,
      "chrf,none": 7.778675944764235,
      "chrf_stderr,none": 0.11732678770267799,
      "bertscore_f1,none": 0.6836437046882495,
      "bertscore_f1_stderr,none": 0.0011821155675187276,
      "alias": " - prompt-1"
    },
    "prompt-2": {
      "bleu,none": 0.0553846470461667,
      "bleu_stderr,none": 0.014560915238614984,
      "chrf,none": 8.273960729372188,
      "chrf_stderr,none": 0.11669603305241087,
      "bertscore_f1,none": 0.6885512608258195,
      "bertscore_f1_stderr,none": 0.0012019740967612374,
      "alias": " - prompt-2"
    },
    "prompt-3": {
      "bleu,none": 0.10243664465552381,
      "bleu_stderr,none": 0.0128899112351977,
      "chrf,none": 7.597584122858425,
      "chrf_stderr,none": 0.12603584938419896,
      "bertscore_f1,none": 0.6656654950095042,
      "bertscore_f1_stderr,none": 0.0014050409558870134,
      "alias": " - prompt-3"
    }
  },
  "groups": {
    "tatoeba_eng_nob_nb": {
      "bertscore_f1,none": 0.681604006621164,
      "bertscore_f1_stderr,none": 0.0006159101857876728,
      "bleu,none": 0.06749834182192985,
      "bleu_stderr,none": 0.007341224060692608,
      "chrf,none": 7.954327649041697,
      "chrf_stderr,none": 0.057531196539386584,
      "alias": "tatoeba_eng_nob_nb"
    }
  },
  "group_subtasks": {
    "tatoeba_eng_nob_nb": [
      "prompt-3",
      "prompt-2",
      "prompt-1",
      "prompt-0"
    ]
  },
  "configs": {
    "prompt-0": {
      "task": "prompt-0",
      "dataset_path": "Helsinki-NLP/tatoeba_mt",
      "dataset_name": "eng-nob",
      "training_split": "validation",
      "test_split": "test",
      "doc_to_text": "Engelsk: {{sourceString}}\nBokmål:",
      "doc_to_target": "targetString",
      "description": "",
      "target_delimiter": " ",
      "fewshot_delimiter": "\n\n",
      "num_fewshot": 16,
      "metric_list": [
        {
          "metric": "bleu",
          "higher_is_better": true
        },
        {
          "metric": "chrf",
          "higher_is_better": true
        },
        {
          "metric": "def bertscore_f1(references, predictions, **kwargs):\n    \"\"\"Computes the F1 score of the BERTScore metric.\n\n    Args:\n        references: A list of reference strings.\n        predictions: A list of predicted strings.\n        **kwargs: Additional keyword arguments.\n\n    Returns:\n        The F1 score of the BERTScore metric.\n    \"\"\"\n    bertscore = load(\"bertscore\")\n    return bertscore.compute(predictions=predictions, references=references, **kwargs)[\n        \"f1\"\n    ][0]\n",
          "aggregation": "mean",
          "higher_is_better": true,
          "model_type": "bert-base-multilingual-cased",
          "num_layers": 9
        }
      ],
      "output_type": "generate_until",
      "generation_kwargs": {
        "until": [
          "\n"
        ],
        "do_sample": false,
        "num_beams": 1,
        "max_new_tokens": 256
      },
      "repeats": 1,
      "should_decontaminate": false
    },
    "prompt-1": {
      "task": "prompt-1",
      "dataset_path": "Helsinki-NLP/tatoeba_mt",
      "dataset_name": "eng-nob",
      "training_split": "validation",
      "test_split": "test",
      "doc_to_text": "Oversett følgende setning til norsk bokmål: {{sourceString}}\nBokmål:",
      "doc_to_target": "targetString",
      "description": "",
      "target_delimiter": " ",
      "fewshot_delimiter": "\n\n",
      "num_fewshot": 16,
      "metric_list": [
        {
          "metric": "bleu",
          "higher_is_better": true
        },
        {
          "metric": "chrf",
          "higher_is_better": true
        },
        {
          "metric": "def bertscore_f1(references, predictions, **kwargs):\n    \"\"\"Computes the F1 score of the BERTScore metric.\n\n    Args:\n        references: A list of reference strings.\n        predictions: A list of predicted strings.\n        **kwargs: Additional keyword arguments.\n\n    Returns:\n        The F1 score of the BERTScore metric.\n    \"\"\"\n    bertscore = load(\"bertscore\")\n    return bertscore.compute(predictions=predictions, references=references, **kwargs)[\n        \"f1\"\n    ][0]\n",
          "aggregation": "mean",
          "higher_is_better": true,
          "model_type": "bert-base-multilingual-cased",
          "num_layers": 9
        }
      ],
      "output_type": "generate_until",
      "generation_kwargs": {
        "until": [
          "\n"
        ],
        "do_sample": false,
        "num_beams": 1,
        "max_new_tokens": 256
      },
      "repeats": 1,
      "should_decontaminate": false
    },
    "prompt-2": {
      "task": "prompt-2",
      "dataset_path": "Helsinki-NLP/tatoeba_mt",
      "dataset_name": "eng-nob",
      "training_split": "validation",
      "test_split": "test",
      "doc_to_text": "Gi en oversettelse til bokmål for denne setningen: {{sourceString}}\nBokmål:",
      "doc_to_target": "targetString",
      "description": "",
      "target_delimiter": " ",
      "fewshot_delimiter": "\n\n",
      "num_fewshot": 16,
      "metric_list": [
        {
          "metric": "bleu",
          "higher_is_better": true
        },
        {
          "metric": "chrf",
          "higher_is_better": true
        },
        {
          "metric": "def bertscore_f1(references, predictions, **kwargs):\n    \"\"\"Computes the F1 score of the BERTScore metric.\n\n    Args:\n        references: A list of reference strings.\n        predictions: A list of predicted strings.\n        **kwargs: Additional keyword arguments.\n\n    Returns:\n        The F1 score of the BERTScore metric.\n    \"\"\"\n    bertscore = load(\"bertscore\")\n    return bertscore.compute(predictions=predictions, references=references, **kwargs)[\n        \"f1\"\n    ][0]\n",
          "aggregation": "mean",
          "higher_is_better": true,
          "model_type": "bert-base-multilingual-cased",
          "num_layers": 9
        }
      ],
      "output_type": "generate_until",
      "generation_kwargs": {
        "until": [
          "\n"
        ],
        "do_sample": false,
        "num_beams": 1,
        "max_new_tokens": 256
      },
      "repeats": 1,
      "should_decontaminate": false
    },
    "prompt-3": {
      "task": "prompt-3",
      "dataset_path": "Helsinki-NLP/tatoeba_mt",
      "dataset_name": "eng-nob",
      "training_split": "validation",
      "test_split": "test",
      "doc_to_text": "Hva blir \"{{sourceString}}\" på bokmål?\nBokmål:",
      "doc_to_target": "targetString",
      "description": "",
      "target_delimiter": " ",
      "fewshot_delimiter": "\n\n",
      "num_fewshot": 16,
      "metric_list": [
        {
          "metric": "bleu",
          "higher_is_better": true
        },
        {
          "metric": "chrf",