{
  "results": {
    "tatoeba_nob_eng_nb": {
      "chrf,none": 20.180971850550957,
      "chrf_stderr,none": 0.20208050397608252,
      "bleu,none": 3.3796563161346467,
      "bleu_stderr,none": 0.05779326068963362,
      "bertscore_f1,none": 0.7363471325491824,
      "bertscore_f1_stderr,none": 0.00123661329587884,
      "alias": "tatoeba_nob_eng_nb"
    },
    "prompt-0": {
      "bleu,none": 6.290266970504426,
      "bleu_stderr,none": 0.18872924728124182,
      "chrf,none": 30.79406404023406,
      "chrf_stderr,none": 0.5686970063229279,
      "bertscore_f1,none": 0.8110070677450335,
      "bertscore_f1_stderr,none": 0.002503762031657305,
      "alias": " - prompt-0"
    },
    "prompt-1": {
      "bleu,none": 2.849517185472994,
      "bleu_stderr,none": 0.08343716248906478,
      "chrf,none": 18.446197990152434,
      "chrf_stderr,none": 0.3618593533774389,
      "bertscore_f1,none": 0.7241769170264621,
      "bertscore_f1_stderr,none": 0.0025791315021982297,
      "alias": " - prompt-1"
    },
    "prompt-2": {
      "bleu,none": 3.1815851216459246,
      "bleu_stderr,none": 0.09734362995458862,
      "chrf,none": 20.494722128295564,
      "chrf_stderr,none": 0.39299667404334193,
      "bertscore_f1,none": 0.7380476408314212,
      "bertscore_f1_stderr,none": 0.0025849752685764725,
      "alias": " - prompt-2"
    },
    "prompt-3": {
      "bleu,none": 1.1972559869152426,
      "bleu_stderr,none": 0.03721161837293034,
      "chrf,none": 10.988903243521776,
      "chrf_stderr,none": 0.21113886179269076,
      "bertscore_f1,none": 0.6721569045938128,
      "bertscore_f1_stderr,none": 0.002205574378876673,
      "alias": " - prompt-3"
    }
  },
  "groups": {
    "tatoeba_nob_eng_nb": {
      "chrf,none": 20.180971850550957,
      "chrf_stderr,none": 0.20208050397608252,
      "bleu,none": 3.3796563161346467,
      "bleu_stderr,none": 0.05779326068963362,
      "bertscore_f1,none": 0.7363471325491824,
      "bertscore_f1_stderr,none": 0.00123661329587884,
      "alias": "tatoeba_nob_eng_nb"
    }
  },
  "group_subtasks": {
    "tatoeba_nob_eng_nb": [
      "prompt-3",
      "prompt-2",
      "prompt-1",
      "prompt-0"
    ]
  },
  "configs": {
    "prompt-0": {
      "task": "prompt-0",
      "dataset_path": "Helsinki-NLP/tatoeba_mt",
      "dataset_name": "eng-nob",
      "training_split": "validation",
      "test_split": "test",
      "doc_to_text": "Bokmål: {{targetString}}\nEngelsk:",
      "doc_to_target": "sourceString",
      "description": "",
      "target_delimiter": " ",
      "fewshot_delimiter": "\n\n",
      "num_fewshot": 0,
      "metric_list": [
        {
          "metric": "bleu",
          "higher_is_better": true
        },
        {
          "metric": "chrf",
          "higher_is_better": true
        },
        {
          "metric": "def bertscore_f1(references, predictions, **kwargs):\n    \"\"\"Computes the F1 score of the BERTScore metric.\n\n    Args:\n        references: A list of reference strings.\n        predictions: A list of predicted strings.\n        **kwargs: Additional keyword arguments.\n\n    Returns:\n        The F1 score of the BERTScore metric.\n    \"\"\"\n    bertscore = load(\"bertscore\")\n    return bertscore.compute(predictions=predictions, references=references, **kwargs)[\n        \"f1\"\n    ][0]\n",
          "aggregation": "mean",
          "higher_is_better": true,
          "model_type": "bert-base-multilingual-cased",
          "num_layers": 9
        }
      ],
      "output_type": "generate_until",
      "generation_kwargs": {
        "until": [
          "\n"
        ],
        "do_sample": false,
        "num_beams": 1,
        "max_new_tokens": 256
      },
      "repeats": 1,
      "should_decontaminate": false
    },
    "prompt-1": {
      "task": "prompt-1",
      "dataset_path": "Helsinki-NLP/tatoeba_mt",
      "dataset_name": "eng-nob",
      "training_split": "validation",
      "test_split": "test",
      "doc_to_text": "Oversett følgende setning til engelsk: {{targetString}}\nEngelsk:",
      "doc_to_target": "sourceString",
      "description": "",
      "target_delimiter": " ",
      "fewshot_delimiter": "\n\n",
      "num_fewshot": 0,
      "metric_list": [
        {
          "metric": "bleu",
          "higher_is_better": true
        },
        {
          "metric": "chrf",
          "higher_is_better": true
        },
        {
          "metric": "def bertscore_f1(references, predictions, **kwargs):\n    \"\"\"Computes the F1 score of the BERTScore metric.\n\n    Args:\n        references: A list of reference strings.\n        predictions: A list of predicted strings.\n        **kwargs: Additional keyword arguments.\n\n    Returns:\n        The F1 score of the BERTScore metric.\n    \"\"\"\n    bertscore = load(\"bertscore\")\n    return bertscore.compute(predictions=predictions, references=references, **kwargs)[\n        \"f1\"\n    ][0]\n",
          "aggregation": "mean",
          "higher_is_better": true,
          "model_type": "bert-base-multilingual-cased",
          "num_layers": 9
        }
      ],
      "output_type": "generate_until",
      "generation_kwargs": {
        "until": [
          "\n"
        ],
        "do_sample": false,
        "num_beams": 1,
        "max_new_tokens": 256
      },
      "repeats": 1,
      "should_decontaminate": false
    },
    "prompt-2": {
      "task": "prompt-2",
      "dataset_path": "Helsinki-NLP/tatoeba_mt",
      "dataset_name": "eng-nob",
      "training_split": "validation",
      "test_split": "test",
      "doc_to_text": "Gi en engelsk oversettelse av denne setningen: {{targetString}}\nEngelsk:",
      "doc_to_target": "sourceString",
      "description": "",
      "target_delimiter": " ",
      "fewshot_delimiter": "\n\n",
      "num_fewshot": 0,
      "metric_list": [
        {
          "metric": "bleu",
          "higher_is_better": true
        },
        {
          "metric": "chrf",
          "higher_is_better": true
        },
        {
          "metric": "def bertscore_f1(references, predictions, **kwargs):\n    \"\"\"Computes the F1 score of the BERTScore metric.\n\n    Args:\n        references: A list of reference strings.\n        predictions: A list of predicted strings.\n        **kwargs: Additional keyword arguments.\n\n    Returns:\n        The F1 score of the BERTScore metric.\n    \"\"\"\n    bertscore = load(\"bertscore\")\n    return bertscore.compute(predictions=predictions, references=references, **kwargs)[\n        \"f1\"\n    ][0]\n",
          "aggregation": "mean",
          "higher_is_better": true,
          "model_type": "bert-base-multilingual-cased",
          "num_layers": 9
        }
      ],
      "output_type": "generate_until",
      "generation_kwargs": {
        "until": [
          "\n"
        ],
        "do_sample": false,
        "num_beams": 1,
        "max_new_tokens": 256
      },
      "repeats": 1,
      "should_decontaminate": false
    },
    "prompt-3": {
      "task": "prompt-3",
      "dataset_path": "Helsinki-NLP/tatoeba_mt",
      "dataset_name": "eng-nob",
      "training_split": "validation",
      "test_split": "test",
      "doc_to_text": "Hva blir \"{{targetString}}\" på engelsk?\nEngelsk:",
      "doc_to_target": "sourceString",
      "description": "",
      "target_delimiter": " ",
      "fewshot_delimiter": "\n\n",
      "num_fewshot": 0,
      "metric_list": [
        {
          "metric": "bleu",
          "higher_is_better": true
        },
        {
          "metric": "chrf",