{
  "results": {
    "tatoeba_nno_nob_nn": {
      "bertscore_f1,none": 0.7554683073233532,
      "bertscore_f1_stderr,none": 0.004352616201586351,
      "chrf,none": 21.883837509517505,
      "chrf_stderr,none": 0.5639357993628041,
      "bleu,none": 3.7408387005294017,
      "bleu_stderr,none": 0.13657218980116564,
      "alias": "tatoeba_nno_nob_nn"
    },
    "prompt-0": {
      "bleu,none": 4.227150487180642,
      "bleu_stderr,none": 0.2797694297947361,
      "chrf,none": 23.060290420641888,
      "chrf_stderr,none": 1.1872838891997128,
      "bertscore_f1,none": 0.7912777481540557,
      "bertscore_f1_stderr,none": 0.00961375305687015,
      "alias": " - prompt-0"
    },
    "prompt-1": {
      "bleu,none": 3.107139025484049,
      "bleu_stderr,none": 0.22689800562553705,
      "chrf,none": 19.602581435685682,
      "chrf_stderr,none": 1.0876021609222564,
      "bertscore_f1,none": 0.737999737903636,
      "bertscore_f1_stderr,none": 0.008921130189436431,
      "alias": " - prompt-1"
    },
    "prompt-2": {
      "bleu,none": 5.026848284949131,
      "bleu_stderr,none": 0.3809931304900673,
      "chrf,none": 26.60687821841256,
      "chrf_stderr,none": 1.3966385225561864,
      "bertscore_f1,none": 0.797778836565633,
      "bertscore_f1_stderr,none": 0.008665805022176298,
      "alias": " - prompt-2"
    },
    "prompt-3": {
      "bleu,none": 2.6022170045037853,
      "bleu_stderr,none": 0.15336884999317932,
      "chrf,none": 18.26559996332989,
      "chrf_stderr,none": 0.7384150026668961,
      "bertscore_f1,none": 0.6948169066700884,
      "bertscore_f1_stderr,none": 0.007484470348345418,
      "alias": " - prompt-3"
    }
  },
  "groups": {
    "tatoeba_nno_nob_nn": {
      "bertscore_f1,none": 0.7554683073233532,
      "bertscore_f1_stderr,none": 0.004352616201586351,
      "chrf,none": 21.883837509517505,
      "chrf_stderr,none": 0.5639357993628041,
      "bleu,none": 3.7408387005294017,
      "bleu_stderr,none": 0.13657218980116564,
      "alias": "tatoeba_nno_nob_nn"
    }
  },
  "group_subtasks": {
    "tatoeba_nno_nob_nn": [
      "prompt-3",
      "prompt-2",
      "prompt-1",
      "prompt-0"
    ]
  },
  "configs": {
    "prompt-0": {
      "task": "prompt-0",
      "dataset_path": "Helsinki-NLP/tatoeba_mt",
      "dataset_name": "nob-nno",
      "test_split": "test",
      "doc_to_text": "Nynorsk: {{targetString}}\nBokmål:",
      "doc_to_target": "sourceString",
      "description": "",
      "target_delimiter": " ",
      "fewshot_delimiter": "\n\n",
      "num_fewshot": 0,
      "metric_list": [
        {
          "metric": "bleu",
          "higher_is_better": true
        },
        {
          "metric": "chrf",
          "higher_is_better": true
        },
        {
          "metric": "def bertscore_f1(references, predictions, **kwargs):\n    \"\"\"Computes the F1 score of the BERTScore metric.\n\n    Args:\n        references: A list of reference strings.\n        predictions: A list of predicted strings.\n        **kwargs: Additional keyword arguments.\n\n    Returns:\n        The F1 score of the BERTScore metric.\n    \"\"\"\n    bertscore = load(\"bertscore\")\n    return bertscore.compute(predictions=predictions, references=references, **kwargs)[\n        \"f1\"\n    ][0]\n",
          "aggregation": "mean",
          "higher_is_better": true,
          "model_type": "bert-base-multilingual-cased",
          "num_layers": 9
        }
      ],
      "output_type": "generate_until",
      "generation_kwargs": {
        "until": [
          "\n"
        ],
        "do_sample": false,
        "num_beams": 1,
        "max_new_tokens": 256
      },
      "repeats": 1,
      "should_decontaminate": false
    },
    "prompt-1": {
      "task": "prompt-1",
      "dataset_path": "Helsinki-NLP/tatoeba_mt",
      "dataset_name": "nob-nno",
      "test_split": "test",
      "doc_to_text": "Omsett følgande setning til bokmål: {{targetString}}\nBokmål:",
      "doc_to_target": "sourceString",
      "description": "",
      "target_delimiter": " ",
      "fewshot_delimiter": "\n\n",
      "num_fewshot": 0,
      "metric_list": [
        {
          "metric": "bleu",
          "higher_is_better": true
        },
        {
          "metric": "chrf",
          "higher_is_better": true
        },
        {
          "metric": "def bertscore_f1(references, predictions, **kwargs):\n    \"\"\"Computes the F1 score of the BERTScore metric.\n\n    Args:\n        references: A list of reference strings.\n        predictions: A list of predicted strings.\n        **kwargs: Additional keyword arguments.\n\n    Returns:\n        The F1 score of the BERTScore metric.\n    \"\"\"\n    bertscore = load(\"bertscore\")\n    return bertscore.compute(predictions=predictions, references=references, **kwargs)[\n        \"f1\"\n    ][0]\n",
          "aggregation": "mean",
          "higher_is_better": true,
          "model_type": "bert-base-multilingual-cased",
          "num_layers": 9
        }
      ],
      "output_type": "generate_until",
      "generation_kwargs": {
        "until": [
          "\n"
        ],
        "do_sample": false,
        "num_beams": 1,
        "max_new_tokens": 256
      },
      "repeats": 1,
      "should_decontaminate": false
    },
    "prompt-2": {
      "task": "prompt-2",
      "dataset_path": "Helsinki-NLP/tatoeba_mt",
      "dataset_name": "nob-nno",
      "test_split": "test",
      "doc_to_text": "Gje ei omsetjing til bokmål for denne setninga: {{targetString}}\nBokmål:",
      "doc_to_target": "sourceString",
      "description": "",
      "target_delimiter": " ",
      "fewshot_delimiter": "\n\n",
      "num_fewshot": 0,
      "metric_list": [
        {
          "metric": "bleu",
          "higher_is_better": true
        },
        {
          "metric": "chrf",
          "higher_is_better": true
        },
        {
          "metric": "def bertscore_f1(references, predictions, **kwargs):\n    \"\"\"Computes the F1 score of the BERTScore metric.\n\n    Args:\n        references: A list of reference strings.\n        predictions: A list of predicted strings.\n        **kwargs: Additional keyword arguments.\n\n    Returns:\n        The F1 score of the BERTScore metric.\n    \"\"\"\n    bertscore = load(\"bertscore\")\n    return bertscore.compute(predictions=predictions, references=references, **kwargs)[\n        \"f1\"\n    ][0]\n",
          "aggregation": "mean",
          "higher_is_better": true,
          "model_type": "bert-base-multilingual-cased",
          "num_layers": 9
        }
      ],
      "output_type": "generate_until",
      "generation_kwargs": {
        "until": [
          "\n"
        ],
        "do_sample": false,
        "num_beams": 1,
        "max_new_tokens": 256
      },
      "repeats": 1,
      "should_decontaminate": false
    },
    "prompt-3": {
      "task": "prompt-3",
      "dataset_path": "Helsinki-NLP/tatoeba_mt",
      "dataset_name": "nob-nno",
      "test_split": "test",
      "doc_to_text": "Kva blir \"{{targetString}}\" på bokmål?\nBokmål:",
      "doc_to_target": "sourceString",
      "description": "",
      "target_delimiter": " ",
      "fewshot_delimiter": "\n\n",
      "num_fewshot": 0,
      "metric_list": [
        {
          "metric": "bleu",
          "higher_is_better": true
        },
        {
          "metric": "chrf",
          "higher_is_better": true
        },
        {
          "metric": "def bertscore_f1(references, predictions, **kwargs):\n    \"\"\"Computes the F1 score of the BERTScore metric.\n\n    Args:\n        references: A list of reference strings.\n        predictions: A list of predicted strings.\n        **kwargs: Additional keyword arguments.\n\n    Returns:\n        The F1 score of the BERTScore metric.\n    \"\"\"\n    bertscore = load(\"bertscore\")\n    return bertscore.compute(predictions=predictions, references=references, **kwargs)[\n        \"f1\"\n    ][0]\n",
          "aggregation": "mean",