{
  "results": {
    "tatoeba_nno_nob_nn": {
      "bertscore_f1,none": 0.7036909649609238,
      "bertscore_f1_stderr,none": 0.0026674452753464874,
      "chrf,none": 13.73604193996758,
      "chrf_stderr,none": 0.5672833596211767,
      "bleu,none": 1.7838307162426004,
      "bleu_stderr,none": 0.179258919158676,
      "alias": "tatoeba_nno_nob_nn"
    },
    "prompt-0": {
      "bleu,none": 2.527093233670887,
      "bleu_stderr,none": 0.43167243052230875,
      "chrf,none": 16.489491219620692,
      "chrf_stderr,none": 1.2152269877691457,
      "bertscore_f1,none": 0.7256575641452625,
      "bertscore_f1_stderr,none": 0.005629229215680235,
      "alias": " - prompt-0"
    },
    "prompt-1": {
      "bleu,none": 2.196490116150125,
      "bleu_stderr,none": 0.4149284253307098,
      "chrf,none": 15.441026106432428,
      "chrf_stderr,none": 1.23295934957536,
      "bertscore_f1,none": 0.7182893985061235,
      "bertscore_f1_stderr,none": 0.005696346242912156,
      "alias": " - prompt-1"
    },
    "prompt-2": {
      "bleu,none": 1.6956168017061912,
      "bleu_stderr,none": 0.3623841392532999,
      "chrf,none": 13.529594275940315,
      "chrf_stderr,none": 1.2024668294504175,
      "bertscore_f1,none": 0.7005283775509045,
      "bertscore_f1_stderr,none": 0.005237470385044228,
      "alias": " - prompt-2"
    },
    "prompt-3": {
      "bleu,none": 0.7161227134431988,
      "bleu_stderr,none": 0.1559205302844144,
      "chrf,none": 9.484056157876877,
      "chrf_stderr,none": 0.8402825097627125,
      "bertscore_f1,none": 0.6702885196414045,
      "bertscore_f1_stderr,none": 0.004719804088674664,
      "alias": " - prompt-3"
    }
  },
  "groups": {
    "tatoeba_nno_nob_nn": {
      "bertscore_f1,none": 0.7036909649609238,
      "bertscore_f1_stderr,none": 0.0026674452753464874,
      "chrf,none": 13.73604193996758,
      "chrf_stderr,none": 0.5672833596211767,
      "bleu,none": 1.7838307162426004,
      "bleu_stderr,none": 0.179258919158676,
      "alias": "tatoeba_nno_nob_nn"
    }
  },
  "group_subtasks": {
    "tatoeba_nno_nob_nn": [
      "prompt-3",
      "prompt-2",
      "prompt-1",
      "prompt-0"
    ]
  },
  "configs": {
    "prompt-0": {
      "task": "prompt-0",
      "dataset_path": "Helsinki-NLP/tatoeba_mt",
      "dataset_name": "nob-nno",
      "test_split": "test",
      "doc_to_text": "Nynorsk: {{targetString}}\nBokmål:",
      "doc_to_target": "sourceString",
      "description": "",
      "target_delimiter": " ",
      "fewshot_delimiter": "\n\n",
      "num_fewshot": 1,
      "metric_list": [
        {
          "metric": "bleu",
          "higher_is_better": true
        },
        {
          "metric": "chrf",
          "higher_is_better": true
        },
        {
          "metric": "def bertscore_f1(references, predictions, **kwargs):\n    \"\"\"Computes the F1 score of the BERTScore metric.\n\n    Args:\n        references: A list of reference strings.\n        predictions: A list of predicted strings.\n        **kwargs: Additional keyword arguments.\n\n    Returns:\n        The F1 score of the BERTScore metric.\n    \"\"\"\n    bertscore = load(\"bertscore\")\n    return bertscore.compute(predictions=predictions, references=references, **kwargs)[\n        \"f1\"\n    ][0]\n",
          "aggregation": "mean",
          "higher_is_better": true,
          "model_type": "bert-base-multilingual-cased",
          "num_layers": 9
        }
      ],
      "output_type": "generate_until",
      "generation_kwargs": {
        "until": [
          "\n"
        ],
        "do_sample": false,
        "num_beams": 1,
        "max_new_tokens": 256
      },
      "repeats": 1,
      "should_decontaminate": false
    },
    "prompt-1": {
      "task": "prompt-1",
      "dataset_path": "Helsinki-NLP/tatoeba_mt",
      "dataset_name": "nob-nno",
      "test_split": "test",
      "doc_to_text": "Omsett følgande setning til bokmål: {{targetString}}\nBokmål:",
      "doc_to_target": "sourceString",
      "description": "",
      "target_delimiter": " ",
      "fewshot_delimiter": "\n\n",
      "num_fewshot": 1,
      "metric_list": [
        {
          "metric": "bleu",
          "higher_is_better": true
        },
        {
          "metric": "chrf",
          "higher_is_better": true
        },
        {
          "metric": "def bertscore_f1(references, predictions, **kwargs):\n    \"\"\"Computes the F1 score of the BERTScore metric.\n\n    Args:\n        references: A list of reference strings.\n        predictions: A list of predicted strings.\n        **kwargs: Additional keyword arguments.\n\n    Returns:\n        The F1 score of the BERTScore metric.\n    \"\"\"\n    bertscore = load(\"bertscore\")\n    return bertscore.compute(predictions=predictions, references=references, **kwargs)[\n        \"f1\"\n    ][0]\n",
          "aggregation": "mean",
          "higher_is_better": true,
          "model_type": "bert-base-multilingual-cased",
          "num_layers": 9
        }
      ],
      "output_type": "generate_until",
      "generation_kwargs": {
        "until": [
          "\n"
        ],
        "do_sample": false,
        "num_beams": 1,
        "max_new_tokens": 256
      },
      "repeats": 1,
      "should_decontaminate": false
    },
    "prompt-2": {
      "task": "prompt-2",
      "dataset_path": "Helsinki-NLP/tatoeba_mt",
      "dataset_name": "nob-nno",
      "test_split": "test",
      "doc_to_text": "Gje ei omsetjing til bokmål for denne setninga: {{targetString}}\nBokmål:",
      "doc_to_target": "sourceString",
      "description": "",
      "target_delimiter": " ",
      "fewshot_delimiter": "\n\n",
      "num_fewshot": 1,
      "metric_list": [
        {
          "metric": "bleu",
          "higher_is_better": true
        },
        {
          "metric": "chrf",
          "higher_is_better": true
        },
        {
          "metric": "def bertscore_f1(references, predictions, **kwargs):\n    \"\"\"Computes the F1 score of the BERTScore metric.\n\n    Args:\n        references: A list of reference strings.\n        predictions: A list of predicted strings.\n        **kwargs: Additional keyword arguments.\n\n    Returns:\n        The F1 score of the BERTScore metric.\n    \"\"\"\n    bertscore = load(\"bertscore\")\n    return bertscore.compute(predictions=predictions, references=references, **kwargs)[\n        \"f1\"\n    ][0]\n",
          "aggregation": "mean",
          "higher_is_better": true,
          "model_type": "bert-base-multilingual-cased",
          "num_layers": 9
        }
      ],
      "output_type": "generate_until",
      "generation_kwargs": {
        "until": [
          "\n"
        ],
        "do_sample": false,
        "num_beams": 1,
        "max_new_tokens": 256
      },
      "repeats": 1,
      "should_decontaminate": false
    },
    "prompt-3": {
      "task": "prompt-3",
      "dataset_path": "Helsinki-NLP/tatoeba_mt",
      "dataset_name": "nob-nno",
      "test_split": "test",
      "doc_to_text": "Kva blir \"{{targetString}}\" på bokmål?\nBokmål:",
      "doc_to_target": "sourceString",
      "description": "",
      "target_delimiter": " ",
      "fewshot_delimiter": "\n\n",
      "num_fewshot": 1,
      "metric_list": [
        {
          "metric": "bleu",
          "higher_is_better": true
        },
        {
          "metric": "chrf",
          "higher_is_better": true
        },
        {
          "metric": "def bertscore_f1(references, predictions, **kwargs):\n    \"\"\"Computes the F1 score of the BERTScore metric.\n\n    Args:\n        references: A list of reference strings.\n        predictions: A list of predicted strings.\n        **kwargs: Additional keyword arguments.\n\n    Returns:\n        The F1 score of the BERTScore metric.\n    \"\"\"\n    bertscore = load(\"bertscore\")\n    return bertscore.compute(predictions=predictions, references=references, **kwargs)[\n        \"f1\"\n    ][0]\n",
          "aggregation": "mean",