{
  "results": {
    "tatoeba_nob_nno_nb": {
      "bleu,none": 65.01951291030402,
      "bleu_stderr,none": 1.4887516218635644,
      "bertscore_f1,none": 0.9591449896494547,
      "bertscore_f1_stderr,none": 0.0013385081400887919,
      "chrf,none": 81.61132675801008,
      "chrf_stderr,none": 0.7259235573793007,
      "alias": "tatoeba_nob_nno_nb"
    },
    "prompt-0": {
      "bleu,none": 68.0522361620068,
      "bleu_stderr,none": 1.6584777026500823,
      "chrf,none": 83.36596152212026,
      "chrf_stderr,none": 1.016030336277592,
      "bertscore_f1,none": 0.9624541760772787,
      "bertscore_f1_stderr,none": 0.0025103483764983086,
      "alias": " - prompt-0"
    },
    "prompt-1": {
      "bleu,none": 66.97901682645914,
      "bleu_stderr,none": 1.8668715213874685,
      "chrf,none": 82.38914514101607,
      "chrf_stderr,none": 1.224966221236791,
      "bertscore_f1,none": 0.9594679892704051,
      "bertscore_f1_stderr,none": 0.0025977986910617657,
      "alias": " - prompt-1"
    },
    "prompt-2": {
      "bleu,none": 61.21477451616292,
      "bleu_stderr,none": 4.967244573002548,
      "chrf,none": 80.73964983575408,
      "chrf_stderr,none": 1.9201196650074053,
      "bertscore_f1,none": 0.9581316201917587,
      "bertscore_f1_stderr,none": 0.0028533005478075745,
      "alias": " - prompt-2"
    },
    "prompt-3": {
      "bleu,none": 63.832024136587215,
      "bleu_stderr,none": 2.1337352342884457,
      "chrf,none": 79.95055053314995,
      "chrf_stderr,none": 1.4871855174038813,
      "bertscore_f1,none": 0.9565261730583765,
      "bertscore_f1_stderr,none": 0.002733849599110089,
      "alias": " - prompt-3"
    }
  },
  "groups": {
    "tatoeba_nob_nno_nb": {
      "bleu,none": 65.01951291030402,
      "bleu_stderr,none": 1.4887516218635644,
      "bertscore_f1,none": 0.9591449896494547,
      "bertscore_f1_stderr,none": 0.0013385081400887919,
      "chrf,none": 81.61132675801008,
      "chrf_stderr,none": 0.7259235573793007,
      "alias": "tatoeba_nob_nno_nb"
    }
  },
  "group_subtasks": {
    "tatoeba_nob_nno_nb": [
      "prompt-3",
      "prompt-2",
      "prompt-1",
      "prompt-0"
    ]
  },
  "configs": {
    "prompt-0": {
      "task": "prompt-0",
      "dataset_path": "Helsinki-NLP/tatoeba_mt",
      "dataset_name": "nob-nno",
      "test_split": "test",
      "doc_to_text": "Bokmål: {{sourceString}}\nNynorsk:",
      "doc_to_target": "targetString",
      "description": "",
      "target_delimiter": " ",
      "fewshot_delimiter": "\n\n",
      "num_fewshot": 4,
      "metric_list": [
        {
          "metric": "bleu",
          "higher_is_better": true
        },
        {
          "metric": "chrf",
          "higher_is_better": true
        },
        {
          "metric": "def bertscore_f1(references, predictions, **kwargs):\n    \"\"\"Computes the F1 score of the BERTScore metric.\n\n    Args:\n        references: A list of reference strings.\n        predictions: A list of predicted strings.\n        **kwargs: Additional keyword arguments.\n\n    Returns:\n        The F1 score of the BERTScore metric.\n    \"\"\"\n    bertscore = load(\"bertscore\")\n    return bertscore.compute(predictions=predictions, references=references, **kwargs)[\n        \"f1\"\n    ][0]\n",
          "aggregation": "mean",
          "higher_is_better": true,
          "model_type": "bert-base-multilingual-cased",
          "num_layers": 9
        }
      ],
      "output_type": "generate_until",
      "generation_kwargs": {
        "until": [
          "\n"
        ],
        "do_sample": false,
        "num_beams": 1,
        "max_new_tokens": 256
      },
      "repeats": 1,
      "should_decontaminate": false
    },
    "prompt-1": {
      "task": "prompt-1",
      "dataset_path": "Helsinki-NLP/tatoeba_mt",
      "dataset_name": "nob-nno",
      "test_split": "test",
      "doc_to_text": "Oversett følgende setning til nynorsk: {{sourceString}}\nNynorsk:",
      "doc_to_target": "targetString",
      "description": "",
      "target_delimiter": " ",
      "fewshot_delimiter": "\n\n",
      "num_fewshot": 4,
      "metric_list": [
        {
          "metric": "bleu",
          "higher_is_better": true
        },
        {
          "metric": "chrf",
          "higher_is_better": true
        },
        {
          "metric": "def bertscore_f1(references, predictions, **kwargs):\n    \"\"\"Computes the F1 score of the BERTScore metric.\n\n    Args:\n        references: A list of reference strings.\n        predictions: A list of predicted strings.\n        **kwargs: Additional keyword arguments.\n\n    Returns:\n        The F1 score of the BERTScore metric.\n    \"\"\"\n    bertscore = load(\"bertscore\")\n    return bertscore.compute(predictions=predictions, references=references, **kwargs)[\n        \"f1\"\n    ][0]\n",
          "aggregation": "mean",
          "higher_is_better": true,
          "model_type": "bert-base-multilingual-cased",
          "num_layers": 9
        }
      ],
      "output_type": "generate_until",
      "generation_kwargs": {
        "until": [
          "\n"
        ],
        "do_sample": false,
        "num_beams": 1,
        "max_new_tokens": 256
      },
      "repeats": 1,
      "should_decontaminate": false
    },
    "prompt-2": {
      "task": "prompt-2",
      "dataset_path": "Helsinki-NLP/tatoeba_mt",
      "dataset_name": "nob-nno",
      "test_split": "test",
      "doc_to_text": "Gi en nynorsk oversettelse av denne setningen: {{sourceString}}\nNynorsk:",
      "doc_to_target": "targetString",
      "description": "",
      "target_delimiter": " ",
      "fewshot_delimiter": "\n\n",
      "num_fewshot": 4,
      "metric_list": [
        {
          "metric": "bleu",
          "higher_is_better": true
        },
        {
          "metric": "chrf",
          "higher_is_better": true
        },
        {
          "metric": "def bertscore_f1(references, predictions, **kwargs):\n    \"\"\"Computes the F1 score of the BERTScore metric.\n\n    Args:\n        references: A list of reference strings.\n        predictions: A list of predicted strings.\n        **kwargs: Additional keyword arguments.\n\n    Returns:\n        The F1 score of the BERTScore metric.\n    \"\"\"\n    bertscore = load(\"bertscore\")\n    return bertscore.compute(predictions=predictions, references=references, **kwargs)[\n        \"f1\"\n    ][0]\n",
          "aggregation": "mean",
          "higher_is_better": true,
          "model_type": "bert-base-multilingual-cased",
          "num_layers": 9
        }
      ],
      "output_type": "generate_until",
      "generation_kwargs": {
        "until": [
          "\n"
        ],
        "do_sample": false,
        "num_beams": 1,
        "max_new_tokens": 256
      },
      "repeats": 1,
      "should_decontaminate": false
    },
    "prompt-3": {
      "task": "prompt-3",
      "dataset_path": "Helsinki-NLP/tatoeba_mt",
      "dataset_name": "nob-nno",
      "test_split": "test",
      "doc_to_text": "Hva blir \"{{sourceString}}\" på nynorsk?\nNynorsk:",
      "doc_to_target": "targetString",
      "description": "",
      "target_delimiter": " ",
      "fewshot_delimiter": "\n\n",
      "num_fewshot": 4,
      "metric_list": [
        {
          "metric": "bleu",
          "higher_is_better": true
        },
        {
          "metric": "chrf",
          "higher_is_better": true
        },
        {
          "metric": "def bertscore_f1(references, predictions, **kwargs):\n    \"\"\"Computes the F1 score of the BERTScore metric.\n\n    Args:\n        references: A list of reference strings.\n        predictions: A list of predicted strings.\n        **kwargs: Additional keyword arguments.\n\n    Returns:\n        The F1 score of the BERTScore metric.\n    \"\"\"\n    bertscore = load(\"bertscore\")\n    return bertscore.compute(predictions=predictions, references=references, **kwargs)[\n        \"f1\"\n    ][0]\n",
          "aggregation": "mean",