{
  "results": {
    "tatoeba_nob_nno_nb": {
      "bleu,none": 0.48179208066722656,
      "bleu_stderr,none": 0.027373960551345815,
      "chrf,none": 6.878960806456266,
      "chrf_stderr,none": 0.19804691601265045,
      "bertscore_f1,none": 0.5965769706394083,
      "bertscore_f1_stderr,none": 0.0037630225958155523,
      "alias": "tatoeba_nob_nno_nb"
    },
    "prompt-0": {
      "bleu,none": 0.7393422705855037,
      "bleu_stderr,none": 0.06526508684876166,
      "chrf,none": 10.014774342867568,
      "chrf_stderr,none": 0.48417409611089646,
      "bertscore_f1,none": 0.688126609017772,
      "bertscore_f1_stderr,none": 0.00905325476536672,
      "alias": " - prompt-0"
    },
    "prompt-1": {
      "bleu,none": 0.7555721925327743,
      "bleu_stderr,none": 0.07121506076992697,
      "chrf,none": 9.656787421422573,
      "chrf_stderr,none": 0.5266524212759902,
      "bertscore_f1,none": 0.6776703218619029,
      "bertscore_f1_stderr,none": 0.008971587074769442,
      "alias": " - prompt-1"
    },
    "prompt-2": {
      "bleu,none": 0.35071875359441274,
      "bleu_stderr,none": 0.04823041643452598,
      "chrf,none": 5.117641033750895,
      "chrf_stderr,none": 0.31812308568867204,
      "bertscore_f1,none": 0.5507094918399729,
      "bertscore_f1_stderr,none": 0.007297856337457655,
      "alias": " - prompt-2"
    },
    "prompt-3": {
      "bleu,none": 0.08153510595621542,
      "bleu_stderr,none": 0.01822223775988018,
      "chrf,none": 2.7266404277840306,
      "chrf_stderr,none": 0.12071316931138967,
      "bertscore_f1,none": 0.46980145983798527,
      "bertscore_f1_stderr,none": 0.0032948325142438573,
      "alias": " - prompt-3"
    }
  },
  "groups": {
    "tatoeba_nob_nno_nb": {
      "bleu,none": 0.48179208066722656,
      "bleu_stderr,none": 0.027373960551345815,
      "chrf,none": 6.878960806456266,
      "chrf_stderr,none": 0.19804691601265045,
      "bertscore_f1,none": 0.5965769706394083,
      "bertscore_f1_stderr,none": 0.0037630225958155523,
      "alias": "tatoeba_nob_nno_nb"
    }
  },
  "group_subtasks": {
    "tatoeba_nob_nno_nb": [
      "prompt-3",
      "prompt-2",
      "prompt-1",
      "prompt-0"
    ]
  },
  "configs": {
    "prompt-0": {
      "task": "prompt-0",
      "dataset_path": "Helsinki-NLP/tatoeba_mt",
      "dataset_name": "nob-nno",
      "test_split": "test",
      "doc_to_text": "Bokmål: {{sourceString}}\nNynorsk:",
      "doc_to_target": "targetString",
      "description": "",
      "target_delimiter": " ",
      "fewshot_delimiter": "\n\n",
      "num_fewshot": 0,
      "metric_list": [
        {
          "metric": "bleu",
          "higher_is_better": true
        },
        {
          "metric": "chrf",
          "higher_is_better": true
        },
        {
          "metric": "def bertscore_f1(references, predictions, **kwargs):\n    \"\"\"Computes the F1 score of the BERTScore metric.\n\n    Args:\n        references: A list of reference strings.\n        predictions: A list of predicted strings.\n        **kwargs: Additional keyword arguments.\n\n    Returns:\n        The F1 score of the BERTScore metric.\n    \"\"\"\n    bertscore = load(\"bertscore\")\n    return bertscore.compute(predictions=predictions, references=references, **kwargs)[\n        \"f1\"\n    ][0]\n",
          "aggregation": "mean",
          "higher_is_better": true,
          "model_type": "bert-base-multilingual-cased",
          "num_layers": 9
        }
      ],
      "output_type": "generate_until",
      "generation_kwargs": {
        "until": [
          "\n"
        ],
        "do_sample": false,
        "num_beams": 1,
        "max_new_tokens": 256
      },
      "repeats": 1,
      "should_decontaminate": false
    },
    "prompt-1": {
      "task": "prompt-1",
      "dataset_path": "Helsinki-NLP/tatoeba_mt",
      "dataset_name": "nob-nno",
      "test_split": "test",
      "doc_to_text": "Oversett følgende setning til nynorsk: {{sourceString}}\nNynorsk:",
      "doc_to_target": "targetString",
      "description": "",
      "target_delimiter": " ",
      "fewshot_delimiter": "\n\n",
      "num_fewshot": 0,
      "metric_list": [
        {
          "metric": "bleu",
          "higher_is_better": true
        },
        {
          "metric": "chrf",
          "higher_is_better": true
        },
        {
          "metric": "def bertscore_f1(references, predictions, **kwargs):\n    \"\"\"Computes the F1 score of the BERTScore metric.\n\n    Args:\n        references: A list of reference strings.\n        predictions: A list of predicted strings.\n        **kwargs: Additional keyword arguments.\n\n    Returns:\n        The F1 score of the BERTScore metric.\n    \"\"\"\n    bertscore = load(\"bertscore\")\n    return bertscore.compute(predictions=predictions, references=references, **kwargs)[\n        \"f1\"\n    ][0]\n",
          "aggregation": "mean",
          "higher_is_better": true,
          "model_type": "bert-base-multilingual-cased",
          "num_layers": 9
        }
      ],
      "output_type": "generate_until",
      "generation_kwargs": {
        "until": [
          "\n"
        ],
        "do_sample": false,
        "num_beams": 1,
        "max_new_tokens": 256
      },
      "repeats": 1,
      "should_decontaminate": false
    },
    "prompt-2": {
      "task": "prompt-2",
      "dataset_path": "Helsinki-NLP/tatoeba_mt",
      "dataset_name": "nob-nno",
      "test_split": "test",
      "doc_to_text": "Gi en nynorsk oversettelse av denne setningen: {{sourceString}}\nNynorsk:",
      "doc_to_target": "targetString",
      "description": "",
      "target_delimiter": " ",
      "fewshot_delimiter": "\n\n",
      "num_fewshot": 0,
      "metric_list": [
        {
          "metric": "bleu",
          "higher_is_better": true
        },
        {
          "metric": "chrf",
          "higher_is_better": true
        },
        {
          "metric": "def bertscore_f1(references, predictions, **kwargs):\n    \"\"\"Computes the F1 score of the BERTScore metric.\n\n    Args:\n        references: A list of reference strings.\n        predictions: A list of predicted strings.\n        **kwargs: Additional keyword arguments.\n\n    Returns:\n        The F1 score of the BERTScore metric.\n    \"\"\"\n    bertscore = load(\"bertscore\")\n    return bertscore.compute(predictions=predictions, references=references, **kwargs)[\n        \"f1\"\n    ][0]\n",
          "aggregation": "mean",
          "higher_is_better": true,
          "model_type": "bert-base-multilingual-cased",
          "num_layers": 9
        }
      ],
      "output_type": "generate_until",
      "generation_kwargs": {
        "until": [
          "\n"
        ],
        "do_sample": false,
        "num_beams": 1,
        "max_new_tokens": 256
      },
      "repeats": 1,
      "should_decontaminate": false
    },
    "prompt-3": {
      "task": "prompt-3",
      "dataset_path": "Helsinki-NLP/tatoeba_mt",
      "dataset_name": "nob-nno",
      "test_split": "test",
      "doc_to_text": "Hva blir \"{{sourceString}}\" på nynorsk?\nNynorsk:",
      "doc_to_target": "targetString",
      "description": "",
      "target_delimiter": " ",
      "fewshot_delimiter": "\n\n",
      "num_fewshot": 0,
      "metric_list": [
        {
          "metric": "bleu",
          "higher_is_better": true
        },
        {
          "metric": "chrf",
          "higher_is_better": true
        },
        {
          "metric": "def bertscore_f1(references, predictions, **kwargs):\n    \"\"\"Computes the F1 score of the BERTScore metric.\n\n    Args:\n        references: A list of reference strings.\n        predictions: A list of predicted strings.\n        **kwargs: Additional keyword arguments.\n\n    Returns:\n        The F1 score of the BERTScore metric.\n    \"\"\"\n    bertscore = load(\"bertscore\")\n    return bertscore.compute(predictions=predictions, references=references, **kwargs)[\n        \"f1\"\n    ][0]\n",