{
  "results": {
    "tatoeba_nob_eng_nb": {
      "chrf,none": 7.947656620240411,
      "chrf_stderr,none": 0.06620276190643233,
      "bertscore_f1,none": 0.6748438600061643,
      "bertscore_f1_stderr,none": 0.0006096556434491226,
      "bleu,none": 0.13920706333014368,
      "bleu_stderr,none": 0.010001459059099252,
      "alias": "tatoeba_nob_eng_nb"
    },
    "prompt-0": {
      "bleu,none": 0.166625354030499,
      "bleu_stderr,none": 0.025147052860276273,
      "chrf,none": 8.569575594774276,
      "chrf_stderr,none": 0.14339843135612,
      "bertscore_f1,none": 0.6920906188218485,
      "bertscore_f1_stderr,none": 0.0011458153342255761,
      "alias": " - prompt-0"
    },
    "prompt-1": {
      "bleu,none": 0.1744806476280012,
      "bleu_stderr,none": 0.023244846709480474,
      "chrf,none": 8.508683361410027,
      "chrf_stderr,none": 0.14823505639050458,
      "bertscore_f1,none": 0.6839121940142261,
      "bertscore_f1_stderr,none": 0.001161398556508069,
      "alias": " - prompt-1"
    },
    "prompt-2": {
      "bleu,none": 0.1049735222434228,
      "bleu_stderr,none": 0.01679747482329147,
      "chrf,none": 7.868925088357269,
      "chrf_stderr,none": 0.12527783807043905,
      "bertscore_f1,none": 0.6763458763215972,
      "bertscore_f1_stderr,none": 0.0012049190734490561,
      "alias": " - prompt-2"
    },
    "prompt-3": {
      "bleu,none": 0.11074872941865174,
      "bleu_stderr,none": 0.012067087736050107,
      "chrf,none": 6.843442436420073,
      "chrf_stderr,none": 0.10905783866619226,
      "bertscore_f1,none": 0.6470267508669854,
      "bertscore_f1_stderr,none": 0.0013539980416023474,
      "alias": " - prompt-3"
    }
  },
  "groups": {
    "tatoeba_nob_eng_nb": {
      "chrf,none": 7.947656620240411,
      "chrf_stderr,none": 0.06620276190643233,
      "bertscore_f1,none": 0.6748438600061643,
      "bertscore_f1_stderr,none": 0.0006096556434491226,
      "bleu,none": 0.13920706333014368,
      "bleu_stderr,none": 0.010001459059099252,
      "alias": "tatoeba_nob_eng_nb"
    }
  },
  "group_subtasks": {
    "tatoeba_nob_eng_nb": [
      "prompt-3",
      "prompt-2",
      "prompt-1",
      "prompt-0"
    ]
  },
  "configs": {
    "prompt-0": {
      "task": "prompt-0",
      "dataset_path": "Helsinki-NLP/tatoeba_mt",
      "dataset_name": "eng-nob",
      "training_split": "validation",
      "test_split": "test",
      "doc_to_text": "Bokmål: {{targetString}}\nEngelsk:",
      "doc_to_target": "sourceString",
      "description": "",
      "target_delimiter": " ",
      "fewshot_delimiter": "\n\n",
      "num_fewshot": 16,
      "metric_list": [
        {
          "metric": "bleu",
          "higher_is_better": true
        },
        {
          "metric": "chrf",
          "higher_is_better": true
        },
        {
          "metric": "def bertscore_f1(references, predictions, **kwargs):\n    \"\"\"Computes the F1 score of the BERTScore metric.\n\n    Args:\n        references: A list of reference strings.\n        predictions: A list of predicted strings.\n        **kwargs: Additional keyword arguments.\n\n    Returns:\n        The F1 score of the BERTScore metric.\n    \"\"\"\n    bertscore = load(\"bertscore\")\n    return bertscore.compute(predictions=predictions, references=references, **kwargs)[\n        \"f1\"\n    ][0]\n",
          "aggregation": "mean",
          "higher_is_better": true,
          "model_type": "bert-base-multilingual-cased",
          "num_layers": 9
        }
      ],
      "output_type": "generate_until",
      "generation_kwargs": {
        "until": [
          "\n"
        ],
        "do_sample": false,
        "num_beams": 1,
        "max_new_tokens": 256
      },
      "repeats": 1,
      "should_decontaminate": false
    },
    "prompt-1": {
      "task": "prompt-1",
      "dataset_path": "Helsinki-NLP/tatoeba_mt",
      "dataset_name": "eng-nob",
      "training_split": "validation",
      "test_split": "test",
      "doc_to_text": "Oversett følgende setning til engelsk: {{targetString}}\nEngelsk:",
      "doc_to_target": "sourceString",
      "description": "",
      "target_delimiter": " ",
      "fewshot_delimiter": "\n\n",
      "num_fewshot": 16,
      "metric_list": [
        {
          "metric": "bleu",
          "higher_is_better": true
        },
        {
          "metric": "chrf",
          "higher_is_better": true
        },
        {
          "metric": "def bertscore_f1(references, predictions, **kwargs):\n    \"\"\"Computes the F1 score of the BERTScore metric.\n\n    Args:\n        references: A list of reference strings.\n        predictions: A list of predicted strings.\n        **kwargs: Additional keyword arguments.\n\n    Returns:\n        The F1 score of the BERTScore metric.\n    \"\"\"\n    bertscore = load(\"bertscore\")\n    return bertscore.compute(predictions=predictions, references=references, **kwargs)[\n        \"f1\"\n    ][0]\n",
          "aggregation": "mean",
          "higher_is_better": true,
          "model_type": "bert-base-multilingual-cased",
          "num_layers": 9
        }
      ],
      "output_type": "generate_until",
      "generation_kwargs": {
        "until": [
          "\n"
        ],
        "do_sample": false,
        "num_beams": 1,
        "max_new_tokens": 256
      },
      "repeats": 1,
      "should_decontaminate": false
    },
    "prompt-2": {
      "task": "prompt-2",
      "dataset_path": "Helsinki-NLP/tatoeba_mt",
      "dataset_name": "eng-nob",
      "training_split": "validation",
      "test_split": "test",
      "doc_to_text": "Gi en engelsk oversettelse av denne setningen: {{targetString}}\nEngelsk:",
      "doc_to_target": "sourceString",
      "description": "",
      "target_delimiter": " ",
      "fewshot_delimiter": "\n\n",
      "num_fewshot": 16,
      "metric_list": [
        {
          "metric": "bleu",
          "higher_is_better": true
        },
        {
          "metric": "chrf",
          "higher_is_better": true
        },
        {
          "metric": "def bertscore_f1(references, predictions, **kwargs):\n    \"\"\"Computes the F1 score of the BERTScore metric.\n\n    Args:\n        references: A list of reference strings.\n        predictions: A list of predicted strings.\n        **kwargs: Additional keyword arguments.\n\n    Returns:\n        The F1 score of the BERTScore metric.\n    \"\"\"\n    bertscore = load(\"bertscore\")\n    return bertscore.compute(predictions=predictions, references=references, **kwargs)[\n        \"f1\"\n    ][0]\n",
          "aggregation": "mean",
          "higher_is_better": true,
          "model_type": "bert-base-multilingual-cased",
          "num_layers": 9
        }
      ],
      "output_type": "generate_until",
      "generation_kwargs": {
        "until": [
          "\n"
        ],
        "do_sample": false,
        "num_beams": 1,
        "max_new_tokens": 256
      },
      "repeats": 1,
      "should_decontaminate": false
    },
    "prompt-3": {
      "task": "prompt-3",
      "dataset_path": "Helsinki-NLP/tatoeba_mt",
      "dataset_name": "eng-nob",
      "training_split": "validation",
      "test_split": "test",
      "doc_to_text": "Hva blir \"{{targetString}}\" på engelsk?\nEngelsk:",
      "doc_to_target": "sourceString",
      "description": "",
      "target_delimiter": " ",
      "fewshot_delimiter": "\n\n",
      "num_fewshot": 16,
      "metric_list": [
        {
          "metric": "bleu",
          "higher_is_better": true
        },
        {
          "metric": "chrf",