{
  "results": {
    "tatoeba_eng_nob_nb": {
      "chrf,none": 65.56376460622599,
      "chrf_stderr,none": 0.3207255415271649,
      "bertscore_f1,none": 0.9264155605610062,
      "bertscore_f1_stderr,none": 0.0005219747963341894,
      "bleu,none": 49.224938264214984,
      "bleu_stderr,none": 0.33870828088064003,
      "alias": "tatoeba_eng_nob_nb"
    },
    "prompt-0": {
      "bleu,none": 49.51830877939724,
      "bleu_stderr,none": 0.645477729888383,
      "chrf,none": 65.69021453092276,
      "chrf_stderr,none": 0.6358254374378544,
      "bertscore_f1,none": 0.9267996375179333,
      "bertscore_f1_stderr,none": 0.0010398617207066773,
      "alias": " - prompt-0"
    },
    "prompt-1": {
      "bleu,none": 49.52502655177594,
      "bleu_stderr,none": 0.7296560399612836,
      "chrf,none": 65.8106722205754,
      "chrf_stderr,none": 0.6511609675836152,
      "bertscore_f1,none": 0.9275539349148902,
      "bertscore_f1_stderr,none": 0.001043704477468916,
      "alias": " - prompt-1"
    },
    "prompt-2": {
      "bleu,none": 49.19044873224559,
      "bleu_stderr,none": 0.6845750112420845,
      "chrf,none": 65.47342869025552,
      "chrf_stderr,none": 0.6538762711239513,
      "bertscore_f1,none": 0.9262808371267953,
      "bertscore_f1_stderr,none": 0.0010457445180804788,
      "alias": " - prompt-2"
    },
    "prompt-3": {
      "bleu,none": 48.665968993441176,
      "bleu_stderr,none": 0.6464444370113752,
      "chrf,none": 65.28074298315026,
      "chrf_stderr,none": 0.624499157141032,
      "bertscore_f1,none": 0.9250278326844055,
      "bertscore_f1_stderr,none": 0.0010464750243339813,
      "alias": " - prompt-3"
    }
  },
  "groups": {
    "tatoeba_eng_nob_nb": {
      "chrf,none": 65.56376460622599,
      "chrf_stderr,none": 0.3207255415271649,
      "bertscore_f1,none": 0.9264155605610062,
      "bertscore_f1_stderr,none": 0.0005219747963341894,
      "bleu,none": 49.224938264214984,
      "bleu_stderr,none": 0.33870828088064003,
      "alias": "tatoeba_eng_nob_nb"
    }
  },
  "group_subtasks": {
    "tatoeba_eng_nob_nb": [
      "prompt-3",
      "prompt-2",
      "prompt-1",
      "prompt-0"
    ]
  },
  "configs": {
    "prompt-0": {
      "task": "prompt-0",
      "dataset_path": "Helsinki-NLP/tatoeba_mt",
      "dataset_name": "eng-nob",
      "training_split": "validation",
      "test_split": "test",
      "doc_to_text": "Engelsk: {{sourceString}}\nBokmål:",
      "doc_to_target": "targetString",
      "description": "",
      "target_delimiter": " ",
      "fewshot_delimiter": "\n\n",
      "num_fewshot": 4,
      "metric_list": [
        {
          "metric": "bleu",
          "higher_is_better": true
        },
        {
          "metric": "chrf",
          "higher_is_better": true
        },
        {
          "metric": "def bertscore_f1(references, predictions, **kwargs):\n    \"\"\"Computes the F1 score of the BERTScore metric.\n\n    Args:\n        references: A list of reference strings.\n        predictions: A list of predicted strings.\n        **kwargs: Additional keyword arguments.\n\n    Returns:\n        The F1 score of the BERTScore metric.\n    \"\"\"\n    bertscore = load(\"bertscore\")\n    return bertscore.compute(predictions=predictions, references=references, **kwargs)[\n        \"f1\"\n    ][0]\n",
          "aggregation": "mean",
          "higher_is_better": true,
          "model_type": "bert-base-multilingual-cased",
          "num_layers": 9
        }
      ],
      "output_type": "generate_until",
      "generation_kwargs": {
        "until": [
          "\n"
        ],
        "do_sample": false,
        "num_beams": 1,
        "max_new_tokens": 256
      },
      "repeats": 1,
      "should_decontaminate": false
    },
    "prompt-1": {
      "task": "prompt-1",
      "dataset_path": "Helsinki-NLP/tatoeba_mt",
      "dataset_name": "eng-nob",
      "training_split": "validation",
      "test_split": "test",
      "doc_to_text": "Oversett følgende setning til norsk bokmål: {{sourceString}}\nBokmål:",
      "doc_to_target": "targetString",
      "description": "",
      "target_delimiter": " ",
      "fewshot_delimiter": "\n\n",
      "num_fewshot": 4,
      "metric_list": [
        {
          "metric": "bleu",
          "higher_is_better": true
        },
        {
          "metric": "chrf",
          "higher_is_better": true
        },
        {
          "metric": "def bertscore_f1(references, predictions, **kwargs):\n    \"\"\"Computes the F1 score of the BERTScore metric.\n\n    Args:\n        references: A list of reference strings.\n        predictions: A list of predicted strings.\n        **kwargs: Additional keyword arguments.\n\n    Returns:\n        The F1 score of the BERTScore metric.\n    \"\"\"\n    bertscore = load(\"bertscore\")\n    return bertscore.compute(predictions=predictions, references=references, **kwargs)[\n        \"f1\"\n    ][0]\n",
          "aggregation": "mean",
          "higher_is_better": true,
          "model_type": "bert-base-multilingual-cased",
          "num_layers": 9
        }
      ],
      "output_type": "generate_until",
      "generation_kwargs": {
        "until": [
          "\n"
        ],
        "do_sample": false,
        "num_beams": 1,
        "max_new_tokens": 256
      },
      "repeats": 1,
      "should_decontaminate": false
    },
    "prompt-2": {
      "task": "prompt-2",
      "dataset_path": "Helsinki-NLP/tatoeba_mt",
      "dataset_name": "eng-nob",
      "training_split": "validation",
      "test_split": "test",
      "doc_to_text": "Gi en oversettelse til bokmål for denne setningen: {{sourceString}}\nBokmål:",
      "doc_to_target": "targetString",
      "description": "",
      "target_delimiter": " ",
      "fewshot_delimiter": "\n\n",
      "num_fewshot": 4,
      "metric_list": [
        {
          "metric": "bleu",
          "higher_is_better": true
        },
        {
          "metric": "chrf",
          "higher_is_better": true
        },
        {
          "metric": "def bertscore_f1(references, predictions, **kwargs):\n    \"\"\"Computes the F1 score of the BERTScore metric.\n\n    Args:\n        references: A list of reference strings.\n        predictions: A list of predicted strings.\n        **kwargs: Additional keyword arguments.\n\n    Returns:\n        The F1 score of the BERTScore metric.\n    \"\"\"\n    bertscore = load(\"bertscore\")\n    return bertscore.compute(predictions=predictions, references=references, **kwargs)[\n        \"f1\"\n    ][0]\n",
          "aggregation": "mean",
          "higher_is_better": true,
          "model_type": "bert-base-multilingual-cased",
          "num_layers": 9
        }
      ],
      "output_type": "generate_until",
      "generation_kwargs": {
        "until": [
          "\n"
        ],
        "do_sample": false,
        "num_beams": 1,
        "max_new_tokens": 256
      },
      "repeats": 1,
      "should_decontaminate": false
    },
    "prompt-3": {
      "task": "prompt-3",
      "dataset_path": "Helsinki-NLP/tatoeba_mt",
      "dataset_name": "eng-nob",
      "training_split": "validation",
      "test_split": "test",
      "doc_to_text": "Hva blir \"{{sourceString}}\" på bokmål?\nBokmål:",
      "doc_to_target": "targetString",
      "description": "",
      "target_delimiter": " ",
      "fewshot_delimiter": "\n\n",
      "num_fewshot": 4,
      "metric_list": [
        {
          "metric": "bleu",
          "higher_is_better": true
        },
        {
          "metric": "chrf",