{
  "results": {
    "tatoeba_nob_eng_nb": {
      "chrf,none": 8.512385106339345,
      "chrf_stderr,none": 0.0613452922571592,
      "bleu,none": 0.04243533757382273,
      "bleu_stderr,none": 0.005407976528449968,
      "bertscore_f1,none": 0.671986425378384,
      "bertscore_f1_stderr,none": 0.0005271213099489996,
      "alias": "tatoeba_nob_eng_nb"
    },
    "prompt-0": {
      "bleu,none": 0.08125947524180048,
      "bleu_stderr,none": 0.01910307941705384,
      "chrf,none": 9.480659013722875,
      "chrf_stderr,none": 0.13024180697918863,
      "bertscore_f1,none": 0.6885340688327379,
      "bertscore_f1_stderr,none": 0.001119302064331908,
      "alias": " - prompt-0"
    },
    "prompt-1": {
      "bleu,none": 0.03924495800838038,
      "bleu_stderr,none": 0.007104234969412026,
      "chrf,none": 8.988318046989011,
      "chrf_stderr,none": 0.1299792600575232,
      "bertscore_f1,none": 0.6757579990791928,
      "bertscore_f1_stderr,none": 0.000994684594995214,
      "alias": " - prompt-1"
    },
    "prompt-2": {
      "bleu,none": 0.03296486425404001,
      "bleu_stderr,none": 0.00626593951537961,
      "chrf,none": 8.511967555301316,
      "chrf_stderr,none": 0.12599480297442978,
      "bertscore_f1,none": 0.6697075339194277,
      "bertscore_f1_stderr,none": 0.0009726185408244505,
      "alias": " - prompt-2"
    },
    "prompt-3": {
      "bleu,none": 0.01627205279107005,
      "bleu_stderr,none": 0.003644113937704711,
      "chrf,none": 7.068595809344178,
      "chrf_stderr,none": 0.1023703639096275,
      "bertscore_f1,none": 0.6539460996821779,
      "bertscore_f1_stderr,none": 0.0011213780030585765,
      "alias": " - prompt-3"
    }
  },
  "groups": {
    "tatoeba_nob_eng_nb": {
      "chrf,none": 8.512385106339345,
      "chrf_stderr,none": 0.0613452922571592,
      "bleu,none": 0.04243533757382273,
      "bleu_stderr,none": 0.005407976528449968,
      "bertscore_f1,none": 0.671986425378384,
      "bertscore_f1_stderr,none": 0.0005271213099489996,
      "alias": "tatoeba_nob_eng_nb"
    }
  },
  "group_subtasks": {
    "tatoeba_nob_eng_nb": [
      "prompt-3",
      "prompt-2",
      "prompt-1",
      "prompt-0"
    ]
  },
  "configs": {
    "prompt-0": {
      "task": "prompt-0",
      "dataset_path": "Helsinki-NLP/tatoeba_mt",
      "dataset_name": "eng-nob",
      "training_split": "validation",
      "test_split": "test",
      "doc_to_text": "Bokmål: {{targetString}}\nEngelsk:",
      "doc_to_target": "sourceString",
      "description": "",
      "target_delimiter": " ",
      "fewshot_delimiter": "\n\n",
      "num_fewshot": 1,
      "metric_list": [
        {
          "metric": "bleu",
          "higher_is_better": true
        },
        {
          "metric": "chrf",
          "higher_is_better": true
        },
        {
          "metric": "def bertscore_f1(references, predictions, **kwargs):\n    \"\"\"Computes the F1 score of the BERTScore metric.\n\n    Args:\n        references: A list of reference strings.\n        predictions: A list of predicted strings.\n        **kwargs: Additional keyword arguments.\n\n    Returns:\n        The F1 score of the BERTScore metric.\n    \"\"\"\n    bertscore = load(\"bertscore\")\n    return bertscore.compute(predictions=predictions, references=references, **kwargs)[\n        \"f1\"\n    ][0]\n",
          "aggregation": "mean",
          "higher_is_better": true,
          "model_type": "bert-base-multilingual-cased",
          "num_layers": 9
        }
      ],
      "output_type": "generate_until",
      "generation_kwargs": {
        "until": [
          "\n"
        ],
        "do_sample": false,
        "num_beams": 1,
        "max_new_tokens": 256
      },
      "repeats": 1,
      "should_decontaminate": false
    },
    "prompt-1": {
      "task": "prompt-1",
      "dataset_path": "Helsinki-NLP/tatoeba_mt",
      "dataset_name": "eng-nob",
      "training_split": "validation",
      "test_split": "test",
      "doc_to_text": "Oversett følgende setning til engelsk: {{targetString}}\nEngelsk:",
      "doc_to_target": "sourceString",
      "description": "",
      "target_delimiter": " ",
      "fewshot_delimiter": "\n\n",
      "num_fewshot": 1,
      "metric_list": [
        {
          "metric": "bleu",
          "higher_is_better": true
        },
        {
          "metric": "chrf",
          "higher_is_better": true
        },
        {
          "metric": "def bertscore_f1(references, predictions, **kwargs):\n    \"\"\"Computes the F1 score of the BERTScore metric.\n\n    Args:\n        references: A list of reference strings.\n        predictions: A list of predicted strings.\n        **kwargs: Additional keyword arguments.\n\n    Returns:\n        The F1 score of the BERTScore metric.\n    \"\"\"\n    bertscore = load(\"bertscore\")\n    return bertscore.compute(predictions=predictions, references=references, **kwargs)[\n        \"f1\"\n    ][0]\n",
          "aggregation": "mean",
          "higher_is_better": true,
          "model_type": "bert-base-multilingual-cased",
          "num_layers": 9
        }
      ],
      "output_type": "generate_until",
      "generation_kwargs": {
        "until": [
          "\n"
        ],
        "do_sample": false,
        "num_beams": 1,
        "max_new_tokens": 256
      },
      "repeats": 1,
      "should_decontaminate": false
    },
    "prompt-2": {
      "task": "prompt-2",
      "dataset_path": "Helsinki-NLP/tatoeba_mt",
      "dataset_name": "eng-nob",
      "training_split": "validation",
      "test_split": "test",
      "doc_to_text": "Gi en engelsk oversettelse av denne setningen: {{targetString}}\nEngelsk:",
      "doc_to_target": "sourceString",
      "description": "",
      "target_delimiter": " ",
      "fewshot_delimiter": "\n\n",
      "num_fewshot": 1,
      "metric_list": [
        {
          "metric": "bleu",
          "higher_is_better": true
        },
        {
          "metric": "chrf",
          "higher_is_better": true
        },
        {
          "metric": "def bertscore_f1(references, predictions, **kwargs):\n    \"\"\"Computes the F1 score of the BERTScore metric.\n\n    Args:\n        references: A list of reference strings.\n        predictions: A list of predicted strings.\n        **kwargs: Additional keyword arguments.\n\n    Returns:\n        The F1 score of the BERTScore metric.\n    \"\"\"\n    bertscore = load(\"bertscore\")\n    return bertscore.compute(predictions=predictions, references=references, **kwargs)[\n        \"f1\"\n    ][0]\n",
          "aggregation": "mean",
          "higher_is_better": true,
          "model_type": "bert-base-multilingual-cased",
          "num_layers": 9
        }
      ],
      "output_type": "generate_until",
      "generation_kwargs": {
        "until": [
          "\n"
        ],
        "do_sample": false,
        "num_beams": 1,
        "max_new_tokens": 256
      },
      "repeats": 1,
      "should_decontaminate": false
    },
    "prompt-3": {
      "task": "prompt-3",
      "dataset_path": "Helsinki-NLP/tatoeba_mt",
      "dataset_name": "eng-nob",
      "training_split": "validation",
      "test_split": "test",
      "doc_to_text": "Hva blir \"{{targetString}}\" på engelsk?\nEngelsk:",
      "doc_to_target": "sourceString",
      "description": "",
      "target_delimiter": " ",
      "fewshot_delimiter": "\n\n",
      "num_fewshot": 1,
      "metric_list": [
        {
          "metric": "bleu",
          "higher_is_better": true
        },
        {
          "metric": "chrf",