{
  "results": {
    "tatoeba_nob_nno_nb": {
      "bleu,none": 59.42303271565223,
      "bleu_stderr,none": 2.788837368959812,
      "chrf,none": 81.24004511798427,
      "chrf_stderr,none": 0.9344635227927248,
      "bertscore_f1,none": 0.9556528475015394,
      "bertscore_f1_stderr,none": 0.0015624691427249576,
      "alias": "tatoeba_nob_nno_nb"
    },
    "prompt-0": {
      "bleu,none": 64.29400406668532,
      "bleu_stderr,none": 5.303558356941746,
      "chrf,none": 82.8913061060689,
      "chrf_stderr,none": 1.4792390772023611,
      "bertscore_f1,none": 0.9616320153718354,
      "bertscore_f1_stderr,none": 0.002698587581577305,
      "alias": " - prompt-0"
    },
    "prompt-1": {
      "bleu,none": 66.64376164504709,
      "bleu_stderr,none": 5.206998362960558,
      "chrf,none": 83.70931525952341,
      "chrf_stderr,none": 1.9516397527936615,
      "bertscore_f1,none": 0.9642668893260341,
      "bertscore_f1_stderr,none": 0.002546520858855592,
      "alias": " - prompt-1"
    },
    "prompt-2": {
      "bleu,none": 61.330736378316786,
      "bleu_stderr,none": 5.6709925920486794,
      "chrf,none": 82.56222011308397,
      "chrf_stderr,none": 1.8477268724394433,
      "bertscore_f1,none": 0.9592137695640646,
      "bertscore_f1_stderr,none": 0.002934263939639386,
      "alias": " - prompt-2"
    },
    "prompt-3": {
      "bleu,none": 45.42362877255972,
      "bleu_stderr,none": 6.086140135724401,
      "chrf,none": 75.79733899326084,
      "chrf_stderr,none": 2.135512266305483,
      "bertscore_f1,none": 0.9374987157442236,
      "bertscore_f1_stderr,none": 0.004084594088031847,
      "alias": " - prompt-3"
    }
  },
  "groups": {
    "tatoeba_nob_nno_nb": {
      "bleu,none": 59.42303271565223,
      "bleu_stderr,none": 2.788837368959812,
      "chrf,none": 81.24004511798427,
      "chrf_stderr,none": 0.9344635227927248,
      "bertscore_f1,none": 0.9556528475015394,
      "bertscore_f1_stderr,none": 0.0015624691427249576,
      "alias": "tatoeba_nob_nno_nb"
    }
  },
  "group_subtasks": {
    "tatoeba_nob_nno_nb": [
      "prompt-3",
      "prompt-2",
      "prompt-1",
      "prompt-0"
    ]
  },
  "configs": {
    "prompt-0": {
      "task": "prompt-0",
      "dataset_path": "Helsinki-NLP/tatoeba_mt",
      "dataset_name": "nob-nno",
      "test_split": "test",
      "doc_to_text": "Bokmål: {{sourceString}}\nNynorsk:",
      "doc_to_target": "targetString",
      "description": "",
      "target_delimiter": " ",
      "fewshot_delimiter": "\n\n",
      "num_fewshot": 1,
      "metric_list": [
        {
          "metric": "bleu",
          "higher_is_better": true
        },
        {
          "metric": "chrf",
          "higher_is_better": true
        },
        {
          "metric": "def bertscore_f1(references, predictions, **kwargs):\n    \"\"\"Computes the F1 score of the BERTScore metric.\n\n    Args:\n        references: A list of reference strings.\n        predictions: A list of predicted strings.\n        **kwargs: Additional keyword arguments.\n\n    Returns:\n        The F1 score of the BERTScore metric.\n    \"\"\"\n    bertscore = load(\"bertscore\")\n    return bertscore.compute(predictions=predictions, references=references, **kwargs)[\n        \"f1\"\n    ][0]\n",
          "aggregation": "mean",
          "higher_is_better": true,
          "model_type": "bert-base-multilingual-cased",
          "num_layers": 9
        }
      ],
      "output_type": "generate_until",
      "generation_kwargs": {
        "until": [
          "\n"
        ],
        "do_sample": false,
        "num_beams": 1,
        "max_new_tokens": 256
      },
      "repeats": 1,
      "should_decontaminate": false
    },
    "prompt-1": {
      "task": "prompt-1",
      "dataset_path": "Helsinki-NLP/tatoeba_mt",
      "dataset_name": "nob-nno",
      "test_split": "test",
      "doc_to_text": "Oversett følgende setning til nynorsk: {{sourceString}}\nNynorsk:",
      "doc_to_target": "targetString",
      "description": "",
      "target_delimiter": " ",
      "fewshot_delimiter": "\n\n",
      "num_fewshot": 1,
      "metric_list": [
        {
          "metric": "bleu",
          "higher_is_better": true
        },
        {
          "metric": "chrf",
          "higher_is_better": true
        },
        {
          "metric": "def bertscore_f1(references, predictions, **kwargs):\n    \"\"\"Computes the F1 score of the BERTScore metric.\n\n    Args:\n        references: A list of reference strings.\n        predictions: A list of predicted strings.\n        **kwargs: Additional keyword arguments.\n\n    Returns:\n        The F1 score of the BERTScore metric.\n    \"\"\"\n    bertscore = load(\"bertscore\")\n    return bertscore.compute(predictions=predictions, references=references, **kwargs)[\n        \"f1\"\n    ][0]\n",
          "aggregation": "mean",
          "higher_is_better": true,
          "model_type": "bert-base-multilingual-cased",
          "num_layers": 9
        }
      ],
      "output_type": "generate_until",
      "generation_kwargs": {
        "until": [
          "\n"
        ],
        "do_sample": false,
        "num_beams": 1,
        "max_new_tokens": 256
      },
      "repeats": 1,
      "should_decontaminate": false
    },
    "prompt-2": {
      "task": "prompt-2",
      "dataset_path": "Helsinki-NLP/tatoeba_mt",
      "dataset_name": "nob-nno",
      "test_split": "test",
      "doc_to_text": "Gi en nynorsk oversettelse av denne setningen: {{sourceString}}\nNynorsk:",
      "doc_to_target": "targetString",
      "description": "",
      "target_delimiter": " ",
      "fewshot_delimiter": "\n\n",
      "num_fewshot": 1,
      "metric_list": [
        {
          "metric": "bleu",
          "higher_is_better": true
        },
        {
          "metric": "chrf",
          "higher_is_better": true
        },
        {
          "metric": "def bertscore_f1(references, predictions, **kwargs):\n    \"\"\"Computes the F1 score of the BERTScore metric.\n\n    Args:\n        references: A list of reference strings.\n        predictions: A list of predicted strings.\n        **kwargs: Additional keyword arguments.\n\n    Returns:\n        The F1 score of the BERTScore metric.\n    \"\"\"\n    bertscore = load(\"bertscore\")\n    return bertscore.compute(predictions=predictions, references=references, **kwargs)[\n        \"f1\"\n    ][0]\n",
          "aggregation": "mean",
          "higher_is_better": true,
          "model_type": "bert-base-multilingual-cased",
          "num_layers": 9
        }
      ],
      "output_type": "generate_until",
      "generation_kwargs": {
        "until": [
          "\n"
        ],
        "do_sample": false,
        "num_beams": 1,
        "max_new_tokens": 256
      },
      "repeats": 1,
      "should_decontaminate": false
    },
    "prompt-3": {
      "task": "prompt-3",
      "dataset_path": "Helsinki-NLP/tatoeba_mt",
      "dataset_name": "nob-nno",
      "test_split": "test",
      "doc_to_text": "Hva blir \"{{sourceString}}\" på nynorsk?\nNynorsk:",
      "doc_to_target": "targetString",
      "description": "",
      "target_delimiter": " ",
      "fewshot_delimiter": "\n\n",
      "num_fewshot": 1,
      "metric_list": [
        {
          "metric": "bleu",
          "higher_is_better": true
        },
        {
          "metric": "chrf",
          "higher_is_better": true
        },
        {
          "metric": "def bertscore_f1(references, predictions, **kwargs):\n    \"\"\"Computes the F1 score of the BERTScore metric.\n\n    Args:\n        references: A list of reference strings.\n        predictions: A list of predicted strings.\n        **kwargs: Additional keyword arguments.\n\n    Returns:\n        The F1 score of the BERTScore metric.\n    \"\"\"\n    bertscore = load(\"bertscore\")\n    return bertscore.compute(predictions=predictions, references=references, **kwargs)[\n        \"f1\"\n    ][0]\n",
          "aggregation": "mean",