{
  "results": {
    "tatoeba_nno_eng_nn": {
      "chrf,none": 8.387156233576755,
      "chrf_stderr,none": 0.18704834516051344,
      "bleu,none": 0.20141743011960858,
      "bleu_stderr,none": 0.05931438192264825,
      "bertscore_f1,none": 0.6761576378462362,
      "bertscore_f1_stderr,none": 0.0017048318616389511,
      "alias": "tatoeba_nno_eng_nn"
    },
    "prompt-0": {
      "bleu,none": 0.39423686815529513,
      "bleu_stderr,none": 0.1745760223936046,
      "chrf,none": 9.549528801814168,
      "chrf_stderr,none": 0.4092747307187533,
      "bertscore_f1,none": 0.694062614492861,
      "bertscore_f1_stderr,none": 0.0035380475462216043,
      "alias": " - prompt-0"
    },
    "prompt-1": {
      "bleu,none": 0.29081343606353,
      "bleu_stderr,none": 0.159514344759421,
      "chrf,none": 8.8041844827431,
      "chrf_stderr,none": 0.39514720195338476,
      "bertscore_f1,none": 0.6811774334746509,
      "bertscore_f1_stderr,none": 0.0033765443750127188,
      "alias": " - prompt-1"
    },
    "prompt-2": {
      "bleu,none": 0.06503422079573812,
      "bleu_stderr,none": 0.01252477895089934,
      "chrf,none": 8.668025939780645,
      "chrf_stderr,none": 0.37117447497803746,
      "bertscore_f1,none": 0.6742143520602474,
      "bertscore_f1_stderr,none": 0.0028298238233583186,
      "alias": " - prompt-2"
    },
    "prompt-3": {
      "bleu,none": 0.05558519546387113,
      "bleu_stderr,none": 0.014582543649303677,
      "chrf,none": 6.526885709969106,
      "chrf_stderr,none": 0.3136490515606039,
      "bertscore_f1,none": 0.6551761513571853,
      "bertscore_f1_stderr,none": 0.003817917180394078,
      "alias": " - prompt-3"
    }
  },
  "groups": {
    "tatoeba_nno_eng_nn": {
      "chrf,none": 8.387156233576755,
      "chrf_stderr,none": 0.18704834516051344,
      "bleu,none": 0.20141743011960858,
      "bleu_stderr,none": 0.05931438192264825,
      "bertscore_f1,none": 0.6761576378462362,
      "bertscore_f1_stderr,none": 0.0017048318616389511,
      "alias": "tatoeba_nno_eng_nn"
    }
  },
  "group_subtasks": {
    "tatoeba_nno_eng_nn": [
      "prompt-3",
      "prompt-2",
      "prompt-1",
      "prompt-0"
    ]
  },
  "configs": {
    "prompt-0": {
      "task": "prompt-0",
      "dataset_path": "Helsinki-NLP/tatoeba_mt",
      "dataset_name": "eng-nno",
      "training_split": "validation",
      "test_split": "test",
      "doc_to_text": "Nynorsk: {{targetString}}\nEngelsk:",
      "doc_to_target": "sourceString",
      "description": "",
      "target_delimiter": " ",
      "fewshot_delimiter": "\n\n",
      "num_fewshot": 1,
      "metric_list": [
        {
          "metric": "bleu",
          "higher_is_better": true
        },
        {
          "metric": "chrf",
          "higher_is_better": true
        },
        {
          "metric": "def bertscore_f1(references, predictions, **kwargs):\n    \"\"\"Computes the F1 score of the BERTScore metric.\n\n    Args:\n        references: A list of reference strings.\n        predictions: A list of predicted strings.\n        **kwargs: Additional keyword arguments.\n\n    Returns:\n        The F1 score of the BERTScore metric.\n    \"\"\"\n    bertscore = load(\"bertscore\")\n    return bertscore.compute(predictions=predictions, references=references, **kwargs)[\n        \"f1\"\n    ][0]\n",
          "aggregation": "mean",
          "higher_is_better": true,
          "model_type": "bert-base-multilingual-cased",
          "num_layers": 9
        }
      ],
      "output_type": "generate_until",
      "generation_kwargs": {
        "until": [
          "\n"
        ],
        "do_sample": false,
        "num_beams": 1,
        "max_new_tokens": 256
      },
      "repeats": 1,
      "should_decontaminate": false
    },
    "prompt-1": {
      "task": "prompt-1",
      "dataset_path": "Helsinki-NLP/tatoeba_mt",
      "dataset_name": "eng-nno",
      "training_split": "validation",
      "test_split": "test",
      "doc_to_text": "Omsett følgande setning til engelsk: {{targetString}}\nEngelsk:",
      "doc_to_target": "sourceString",
      "description": "",
      "target_delimiter": " ",
      "fewshot_delimiter": "\n\n",
      "num_fewshot": 1,
      "metric_list": [
        {
          "metric": "bleu",
          "higher_is_better": true
        },
        {
          "metric": "chrf",
          "higher_is_better": true
        },
        {
          "metric": "def bertscore_f1(references, predictions, **kwargs):\n    \"\"\"Computes the F1 score of the BERTScore metric.\n\n    Args:\n        references: A list of reference strings.\n        predictions: A list of predicted strings.\n        **kwargs: Additional keyword arguments.\n\n    Returns:\n        The F1 score of the BERTScore metric.\n    \"\"\"\n    bertscore = load(\"bertscore\")\n    return bertscore.compute(predictions=predictions, references=references, **kwargs)[\n        \"f1\"\n    ][0]\n",
          "aggregation": "mean",
          "higher_is_better": true,
          "model_type": "bert-base-multilingual-cased",
          "num_layers": 9
        }
      ],
      "output_type": "generate_until",
      "generation_kwargs": {
        "until": [
          "\n"
        ],
        "do_sample": false,
        "num_beams": 1,
        "max_new_tokens": 256
      },
      "repeats": 1,
      "should_decontaminate": false
    },
    "prompt-2": {
      "task": "prompt-2",
      "dataset_path": "Helsinki-NLP/tatoeba_mt",
      "dataset_name": "eng-nno",
      "training_split": "validation",
      "test_split": "test",
      "doc_to_text": "Gje ei engelsk omsetjing av denne setninga: {{targetString}}\nEngelsk:",
      "doc_to_target": "sourceString",
      "description": "",
      "target_delimiter": " ",
      "fewshot_delimiter": "\n\n",
      "num_fewshot": 1,
      "metric_list": [
        {
          "metric": "bleu",
          "higher_is_better": true
        },
        {
          "metric": "chrf",
          "higher_is_better": true
        },
        {
          "metric": "def bertscore_f1(references, predictions, **kwargs):\n    \"\"\"Computes the F1 score of the BERTScore metric.\n\n    Args:\n        references: A list of reference strings.\n        predictions: A list of predicted strings.\n        **kwargs: Additional keyword arguments.\n\n    Returns:\n        The F1 score of the BERTScore metric.\n    \"\"\"\n    bertscore = load(\"bertscore\")\n    return bertscore.compute(predictions=predictions, references=references, **kwargs)[\n        \"f1\"\n    ][0]\n",
          "aggregation": "mean",
          "higher_is_better": true,
          "model_type": "bert-base-multilingual-cased",
          "num_layers": 9
        }
      ],
      "output_type": "generate_until",
      "generation_kwargs": {
        "until": [
          "\n"
        ],
        "do_sample": false,
        "num_beams": 1,
        "max_new_tokens": 256
      },
      "repeats": 1,
      "should_decontaminate": false
    },
    "prompt-3": {
      "task": "prompt-3",
      "dataset_path": "Helsinki-NLP/tatoeba_mt",
      "dataset_name": "eng-nno",
      "training_split": "validation",
      "test_split": "test",
      "doc_to_text": "Kva blir \"{{targetString}}\" på engelsk?\nEngelsk:",
      "doc_to_target": "sourceString",
      "description": "",
      "target_delimiter": " ",
      "fewshot_delimiter": "\n\n",
      "num_fewshot": 1,
      "metric_list": [
        {
          "metric": "bleu",
          "higher_is_better": true
        },
        {
          "metric": "chrf",