{
  "results": {
    "tatoeba_eng_nno_nn": {
      "bertscore_f1,none": 0.5703419753246837,
      "bertscore_f1_stderr,none": 0.0028100917083228507,
      "chrf,none": 3.44444143274741,
      "chrf_stderr,none": 0.076030578468452,
      "bleu,none": 0.016311122236223566,
      "bleu_stderr,none": 0.0019418449146269673,
      "alias": "tatoeba_eng_nno_nn"
    },
    "prompt-0": {
      "bleu,none": 0.02745769303421616,
      "bleu_stderr,none": 0.00597096635534298,
      "chrf,none": 4.726125602878346,
      "chrf_stderr,none": 0.23943413798480712,
      "bertscore_f1,none": 0.65856398840096,
      "bertscore_f1_stderr,none": 0.006634690820580131,
      "alias": " - prompt-0"
    },
    "prompt-1": {
      "bleu,none": 0.01910808541742058,
      "bleu_stderr,none": 0.003890024000500576,
      "chrf,none": 3.712325715555905,
      "chrf_stderr,none": 0.14320109059631062,
      "bertscore_f1,none": 0.6138976102690811,
      "bertscore_f1_stderr,none": 0.0068889829379186005,
      "alias": " - prompt-1"
    },
    "prompt-2": {
      "bleu,none": 0.0102810062523362,
      "bleu_stderr,none": 0.0024440479817248355,
      "chrf,none": 2.7822997431343683,
      "chrf_stderr,none": 0.09986477532652092,
      "bertscore_f1,none": 0.5358647872290061,
      "bertscore_f1_stderr,none": 0.005780267794588784,
      "alias": " - prompt-2"
    },
    "prompt-3": {
      "bleu,none": 0.008397704240921318,
      "bleu_stderr,none": 0.0018905264561280928,
      "chrf,none": 2.557014669421021,
      "chrf_stderr,none": 0.06842623520581906,
      "bertscore_f1,none": 0.4730415153996877,
      "bertscore_f1_stderr,none": 0.0012071216037223787,
      "alias": " - prompt-3"
    }
  },
  "groups": {
    "tatoeba_eng_nno_nn": {
      "bertscore_f1,none": 0.5703419753246837,
      "bertscore_f1_stderr,none": 0.0028100917083228507,
      "chrf,none": 3.44444143274741,
      "chrf_stderr,none": 0.076030578468452,
      "bleu,none": 0.016311122236223566,
      "bleu_stderr,none": 0.0019418449146269673,
      "alias": "tatoeba_eng_nno_nn"
    }
  },
  "group_subtasks": {
    "tatoeba_eng_nno_nn": [
      "prompt-3",
      "prompt-2",
      "prompt-1",
      "prompt-0"
    ]
  },
  "configs": {
    "prompt-0": {
      "task": "prompt-0",
      "dataset_path": "Helsinki-NLP/tatoeba_mt",
      "dataset_name": "eng-nno",
      "training_split": "validation",
      "test_split": "test",
      "doc_to_text": "Engelsk: {{sourceString}}\nNynorsk:",
      "doc_to_target": "targetString",
      "description": "",
      "target_delimiter": " ",
      "fewshot_delimiter": "\n\n",
      "num_fewshot": 0,
      "metric_list": [
        {
          "metric": "bleu",
          "higher_is_better": true
        },
        {
          "metric": "chrf",
          "higher_is_better": true
        },
        {
          "metric": "def bertscore_f1(references, predictions, **kwargs):\n    \"\"\"Computes the F1 score of the BERTScore metric.\n\n    Args:\n        references: A list of reference strings.\n        predictions: A list of predicted strings.\n        **kwargs: Additional keyword arguments.\n\n    Returns:\n        The F1 score of the BERTScore metric.\n    \"\"\"\n    bertscore = load(\"bertscore\")\n    return bertscore.compute(predictions=predictions, references=references, **kwargs)[\n        \"f1\"\n    ][0]\n",
          "aggregation": "mean",
          "higher_is_better": true,
          "model_type": "bert-base-multilingual-cased",
          "num_layers": 9
        }
      ],
      "output_type": "generate_until",
      "generation_kwargs": {
        "until": [
          "\n"
        ],
        "do_sample": false,
        "num_beams": 1,
        "max_new_tokens": 256
      },
      "repeats": 1,
      "should_decontaminate": false
    },
    "prompt-1": {
      "task": "prompt-1",
      "dataset_path": "Helsinki-NLP/tatoeba_mt",
      "dataset_name": "eng-nno",
      "training_split": "validation",
      "test_split": "test",
      "doc_to_text": "Omsett følgande setning til nynorsk: {{sourceString}}\nNynorsk:",
      "doc_to_target": "targetString",
      "description": "",
      "target_delimiter": " ",
      "fewshot_delimiter": "\n\n",
      "num_fewshot": 0,
      "metric_list": [
        {
          "metric": "bleu",
          "higher_is_better": true
        },
        {
          "metric": "chrf",
          "higher_is_better": true
        },
        {
          "metric": "def bertscore_f1(references, predictions, **kwargs):\n    \"\"\"Computes the F1 score of the BERTScore metric.\n\n    Args:\n        references: A list of reference strings.\n        predictions: A list of predicted strings.\n        **kwargs: Additional keyword arguments.\n\n    Returns:\n        The F1 score of the BERTScore metric.\n    \"\"\"\n    bertscore = load(\"bertscore\")\n    return bertscore.compute(predictions=predictions, references=references, **kwargs)[\n        \"f1\"\n    ][0]\n",
          "aggregation": "mean",
          "higher_is_better": true,
          "model_type": "bert-base-multilingual-cased",
          "num_layers": 9
        }
      ],
      "output_type": "generate_until",
      "generation_kwargs": {
        "until": [
          "\n"
        ],
        "do_sample": false,
        "num_beams": 1,
        "max_new_tokens": 256
      },
      "repeats": 1,
      "should_decontaminate": false
    },
    "prompt-2": {
      "task": "prompt-2",
      "dataset_path": "Helsinki-NLP/tatoeba_mt",
      "dataset_name": "eng-nno",
      "training_split": "validation",
      "test_split": "test",
      "doc_to_text": "Gje ei nynorsk omsetjing av denne setninga: {{sourceString}}\nNynorsk:",
      "doc_to_target": "targetString",
      "description": "",
      "target_delimiter": " ",
      "fewshot_delimiter": "\n\n",
      "num_fewshot": 0,
      "metric_list": [
        {
          "metric": "bleu",
          "higher_is_better": true
        },
        {
          "metric": "chrf",
          "higher_is_better": true
        },
        {
          "metric": "def bertscore_f1(references, predictions, **kwargs):\n    \"\"\"Computes the F1 score of the BERTScore metric.\n\n    Args:\n        references: A list of reference strings.\n        predictions: A list of predicted strings.\n        **kwargs: Additional keyword arguments.\n\n    Returns:\n        The F1 score of the BERTScore metric.\n    \"\"\"\n    bertscore = load(\"bertscore\")\n    return bertscore.compute(predictions=predictions, references=references, **kwargs)[\n        \"f1\"\n    ][0]\n",
          "aggregation": "mean",
          "higher_is_better": true,
          "model_type": "bert-base-multilingual-cased",
          "num_layers": 9
        }
      ],
      "output_type": "generate_until",
      "generation_kwargs": {
        "until": [
          "\n"
        ],
        "do_sample": false,
        "num_beams": 1,
        "max_new_tokens": 256
      },
      "repeats": 1,
      "should_decontaminate": false
    },
    "prompt-3": {
      "task": "prompt-3",
      "dataset_path": "Helsinki-NLP/tatoeba_mt",
      "dataset_name": "eng-nno",
      "training_split": "validation",
      "test_split": "test",
      "doc_to_text": "Kva blir \"{{sourceString}}\" på nynorsk?\nNynorsk:",
      "doc_to_target": "targetString",
      "description": "",
      "target_delimiter": " ",
      "fewshot_delimiter": "\n\n",
      "num_fewshot": 0,
      "metric_list": [
        {
          "metric": "bleu",
          "higher_is_better": true
        },
        {
          "metric": "chrf",