{
  "results": {
    "tatoeba_nob_eng_nb": {
      "bleu,none": 48.58052849119991,
      "bleu_stderr,none": 0.36709667094966686,
      "bertscore_f1,none": 0.929433380394399,
      "bertscore_f1_stderr,none": 0.0004826288492203362,
      "chrf,none": 64.57920007308455,
      "chrf_stderr,none": 0.31069577058215214,
      "alias": "tatoeba_nob_eng_nb"
    },
    "prompt-0": {
      "bleu,none": 48.87805200507966,
      "bleu_stderr,none": 0.7977094159381996,
      "chrf,none": 64.80195764645302,
      "chrf_stderr,none": 0.6128085695448157,
      "bertscore_f1,none": 0.9301234344229818,
      "bertscore_f1_stderr,none": 0.0009648000854945591,
      "alias": " - prompt-0"
    },
    "prompt-1": {
      "bleu,none": 48.63854004699275,
      "bleu_stderr,none": 0.6919996498874563,
      "chrf,none": 64.66902771001811,
      "chrf_stderr,none": 0.603582336097996,
      "bertscore_f1,none": 0.9298973702659371,
      "bertscore_f1_stderr,none": 0.0009578495696883688,
      "alias": " - prompt-1"
    },
    "prompt-2": {
      "bleu,none": 48.51572676942735,
      "bleu_stderr,none": 0.7702435497153516,
      "chrf,none": 64.54932167106523,
      "chrf_stderr,none": 0.6502462808637729,
      "bertscore_f1,none": 0.9293469837080702,
      "bertscore_f1_stderr,none": 0.0009666381862553072,
      "alias": " - prompt-2"
    },
    "prompt-3": {
      "bleu,none": 48.28979514329988,
      "bleu_stderr,none": 0.6690893061156457,
      "chrf,none": 64.29649326480184,
      "chrf_stderr,none": 0.6179349355619499,
      "bertscore_f1,none": 0.9283657331806072,
      "bertscore_f1_stderr,none": 0.0009716919837821472,
      "alias": " - prompt-3"
    }
  },
  "groups": {
    "tatoeba_nob_eng_nb": {
      "bleu,none": 48.58052849119991,
      "bleu_stderr,none": 0.36709667094966686,
      "bertscore_f1,none": 0.929433380394399,
      "bertscore_f1_stderr,none": 0.0004826288492203362,
      "chrf,none": 64.57920007308455,
      "chrf_stderr,none": 0.31069577058215214,
      "alias": "tatoeba_nob_eng_nb"
    }
  },
  "group_subtasks": {
    "tatoeba_nob_eng_nb": [
      "prompt-3",
      "prompt-2",
      "prompt-1",
      "prompt-0"
    ]
  },
  "configs": {
    "prompt-0": {
      "task": "prompt-0",
      "dataset_path": "Helsinki-NLP/tatoeba_mt",
      "dataset_name": "eng-nob",
      "training_split": "validation",
      "test_split": "test",
      "doc_to_text": "Bokmål: {{targetString}}\nEngelsk:",
      "doc_to_target": "sourceString",
      "description": "",
      "target_delimiter": " ",
      "fewshot_delimiter": "\n\n",
      "num_fewshot": 16,
      "metric_list": [
        {
          "metric": "bleu",
          "higher_is_better": true
        },
        {
          "metric": "chrf",
          "higher_is_better": true
        },
        {
          "metric": "def bertscore_f1(references, predictions, **kwargs):\n    \"\"\"Computes the F1 score of the BERTScore metric.\n\n    Args:\n        references: A list of reference strings.\n        predictions: A list of predicted strings.\n        **kwargs: Additional keyword arguments.\n\n    Returns:\n        The F1 score of the BERTScore metric.\n    \"\"\"\n    bertscore = load(\"bertscore\")\n    return bertscore.compute(predictions=predictions, references=references, **kwargs)[\n        \"f1\"\n    ][0]\n",
          "aggregation": "mean",
          "higher_is_better": true,
          "model_type": "bert-base-multilingual-cased",
          "num_layers": 9
        }
      ],
      "output_type": "generate_until",
      "generation_kwargs": {
        "until": [
          "\n"
        ],
        "do_sample": false,
        "num_beams": 1,
        "max_new_tokens": 256
      },
      "repeats": 1,
      "should_decontaminate": false
    },
    "prompt-1": {
      "task": "prompt-1",
      "dataset_path": "Helsinki-NLP/tatoeba_mt",
      "dataset_name": "eng-nob",
      "training_split": "validation",
      "test_split": "test",
      "doc_to_text": "Oversett følgende setning til engelsk: {{targetString}}\nEngelsk:",
      "doc_to_target": "sourceString",
      "description": "",
      "target_delimiter": " ",
      "fewshot_delimiter": "\n\n",
      "num_fewshot": 16,
      "metric_list": [
        {
          "metric": "bleu",
          "higher_is_better": true
        },
        {
          "metric": "chrf",
          "higher_is_better": true
        },
        {
          "metric": "def bertscore_f1(references, predictions, **kwargs):\n    \"\"\"Computes the F1 score of the BERTScore metric.\n\n    Args:\n        references: A list of reference strings.\n        predictions: A list of predicted strings.\n        **kwargs: Additional keyword arguments.\n\n    Returns:\n        The F1 score of the BERTScore metric.\n    \"\"\"\n    bertscore = load(\"bertscore\")\n    return bertscore.compute(predictions=predictions, references=references, **kwargs)[\n        \"f1\"\n    ][0]\n",
          "aggregation": "mean",
          "higher_is_better": true,
          "model_type": "bert-base-multilingual-cased",
          "num_layers": 9
        }
      ],
      "output_type": "generate_until",
      "generation_kwargs": {
        "until": [
          "\n"
        ],
        "do_sample": false,
        "num_beams": 1,
        "max_new_tokens": 256
      },
      "repeats": 1,
      "should_decontaminate": false
    },
    "prompt-2": {
      "task": "prompt-2",
      "dataset_path": "Helsinki-NLP/tatoeba_mt",
      "dataset_name": "eng-nob",
      "training_split": "validation",
      "test_split": "test",
      "doc_to_text": "Gi en engelsk oversettelse av denne setningen: {{targetString}}\nEngelsk:",
      "doc_to_target": "sourceString",
      "description": "",
      "target_delimiter": " ",
      "fewshot_delimiter": "\n\n",
      "num_fewshot": 16,
      "metric_list": [
        {
          "metric": "bleu",
          "higher_is_better": true
        },
        {
          "metric": "chrf",
          "higher_is_better": true
        },
        {
          "metric": "def bertscore_f1(references, predictions, **kwargs):\n    \"\"\"Computes the F1 score of the BERTScore metric.\n\n    Args:\n        references: A list of reference strings.\n        predictions: A list of predicted strings.\n        **kwargs: Additional keyword arguments.\n\n    Returns:\n        The F1 score of the BERTScore metric.\n    \"\"\"\n    bertscore = load(\"bertscore\")\n    return bertscore.compute(predictions=predictions, references=references, **kwargs)[\n        \"f1\"\n    ][0]\n",
          "aggregation": "mean",
          "higher_is_better": true,
          "model_type": "bert-base-multilingual-cased",
          "num_layers": 9
        }
      ],
      "output_type": "generate_until",
      "generation_kwargs": {
        "until": [
          "\n"
        ],
        "do_sample": false,
        "num_beams": 1,
        "max_new_tokens": 256
      },
      "repeats": 1,
      "should_decontaminate": false
    },
    "prompt-3": {
      "task": "prompt-3",
      "dataset_path": "Helsinki-NLP/tatoeba_mt",
      "dataset_name": "eng-nob",
      "training_split": "validation",
      "test_split": "test",
      "doc_to_text": "Hva blir \"{{targetString}}\" på engelsk?\nEngelsk:",
      "doc_to_target": "sourceString",
      "description": "",
      "target_delimiter": " ",
      "fewshot_delimiter": "\n\n",
      "num_fewshot": 16,
      "metric_list": [
        {
          "metric": "bleu",
          "higher_is_better": true
        },
        {
          "metric": "chrf",