{
  "results": {
    "tatoeba_nno_nob_nn": {
      "bertscore_f1,none": 0.7250109842387579,
      "bertscore_f1_stderr,none": 0.002354785656098602,
      "chrf,none": 17.44800622000403,
      "chrf_stderr,none": 0.5712555472574568,
      "bleu,none": 2.9823555197083826,
      "bleu_stderr,none": 0.3554182878264818,
      "alias": "tatoeba_nno_nob_nn"
    },
    "prompt-0": {
      "bleu,none": 6.739999697370559,
      "bleu_stderr,none": 1.262873249279525,
      "chrf,none": 27.515789945267866,
      "chrf_stderr,none": 1.6548019865732215,
      "bertscore_f1,none": 0.7772330009168195,
      "bertscore_f1_stderr,none": 0.005299488553926227,
      "alias": " - prompt-0"
    },
    "prompt-1": {
      "bleu,none": 2.865397355589603,
      "bleu_stderr,none": 0.5529385877939335,
      "chrf,none": 17.216241623420686,
      "chrf_stderr,none": 1.0496036116322573,
      "bertscore_f1,none": 0.7275956348706317,
      "bertscore_f1_stderr,none": 0.004732638328466232,
      "alias": " - prompt-1"
    },
    "prompt-2": {
      "bleu,none": 1.477451297926733,
      "bleu_stderr,none": 0.29159101163245027,
      "chrf,none": 14.091564006042868,
      "chrf_stderr,none": 0.9009055888730646,
      "bertscore_f1,none": 0.7059984428267325,
      "bertscore_f1_stderr,none": 0.004423086958446818,
      "alias": " - prompt-2"
    },
    "prompt-3": {
      "bleu,none": 0.8465737279466362,
      "bleu_stderr,none": 0.1885187138241612,
      "chrf,none": 10.968429305284696,
      "chrf_stderr,none": 0.754757025788949,
      "bertscore_f1,none": 0.6892168583408479,
      "bertscore_f1_stderr,none": 0.004321354539428412,
      "alias": " - prompt-3"
    }
  },
  "groups": {
    "tatoeba_nno_nob_nn": {
      "bertscore_f1,none": 0.7250109842387579,
      "bertscore_f1_stderr,none": 0.002354785656098602,
      "chrf,none": 17.44800622000403,
      "chrf_stderr,none": 0.5712555472574568,
      "bleu,none": 2.9823555197083826,
      "bleu_stderr,none": 0.3554182878264818,
      "alias": "tatoeba_nno_nob_nn"
    }
  },
  "group_subtasks": {
    "tatoeba_nno_nob_nn": [
      "prompt-3",
      "prompt-2",
      "prompt-1",
      "prompt-0"
    ]
  },
  "configs": {
    "prompt-0": {
      "task": "prompt-0",
      "dataset_path": "Helsinki-NLP/tatoeba_mt",
      "dataset_name": "nob-nno",
      "test_split": "test",
      "doc_to_text": "Nynorsk: {{targetString}}\nBokmål:",
      "doc_to_target": "sourceString",
      "description": "",
      "target_delimiter": " ",
      "fewshot_delimiter": "\n\n",
      "num_fewshot": 4,
      "metric_list": [
        {
          "metric": "bleu",
          "higher_is_better": true
        },
        {
          "metric": "chrf",
          "higher_is_better": true
        },
        {
          "metric": "def bertscore_f1(references, predictions, **kwargs):\n    \"\"\"Computes the F1 score of the BERTScore metric.\n\n    Args:\n        references: A list of reference strings.\n        predictions: A list of predicted strings.\n        **kwargs: Additional keyword arguments.\n\n    Returns:\n        The F1 score of the BERTScore metric.\n    \"\"\"\n    bertscore = load(\"bertscore\")\n    return bertscore.compute(predictions=predictions, references=references, **kwargs)[\n        \"f1\"\n    ][0]\n",
          "aggregation": "mean",
          "higher_is_better": true,
          "model_type": "bert-base-multilingual-cased",
          "num_layers": 9
        }
      ],
      "output_type": "generate_until",
      "generation_kwargs": {
        "until": [
          "\n"
        ],
        "do_sample": false,
        "num_beams": 1,
        "max_new_tokens": 256
      },
      "repeats": 1,
      "should_decontaminate": false
    },
    "prompt-1": {
      "task": "prompt-1",
      "dataset_path": "Helsinki-NLP/tatoeba_mt",
      "dataset_name": "nob-nno",
      "test_split": "test",
      "doc_to_text": "Omsett følgande setning til bokmål: {{targetString}}\nBokmål:",
      "doc_to_target": "sourceString",
      "description": "",
      "target_delimiter": " ",
      "fewshot_delimiter": "\n\n",
      "num_fewshot": 4,
      "metric_list": [
        {
          "metric": "bleu",
          "higher_is_better": true
        },
        {
          "metric": "chrf",
          "higher_is_better": true
        },
        {
          "metric": "def bertscore_f1(references, predictions, **kwargs):\n    \"\"\"Computes the F1 score of the BERTScore metric.\n\n    Args:\n        references: A list of reference strings.\n        predictions: A list of predicted strings.\n        **kwargs: Additional keyword arguments.\n\n    Returns:\n        The F1 score of the BERTScore metric.\n    \"\"\"\n    bertscore = load(\"bertscore\")\n    return bertscore.compute(predictions=predictions, references=references, **kwargs)[\n        \"f1\"\n    ][0]\n",
          "aggregation": "mean",
          "higher_is_better": true,
          "model_type": "bert-base-multilingual-cased",
          "num_layers": 9
        }
      ],
      "output_type": "generate_until",
      "generation_kwargs": {
        "until": [
          "\n"
        ],
        "do_sample": false,
        "num_beams": 1,
        "max_new_tokens": 256
      },
      "repeats": 1,
      "should_decontaminate": false
    },
    "prompt-2": {
      "task": "prompt-2",
      "dataset_path": "Helsinki-NLP/tatoeba_mt",
      "dataset_name": "nob-nno",
      "test_split": "test",
      "doc_to_text": "Gje ei omsetjing til bokmål for denne setninga: {{targetString}}\nBokmål:",
      "doc_to_target": "sourceString",
      "description": "",
      "target_delimiter": " ",
      "fewshot_delimiter": "\n\n",
      "num_fewshot": 4,
      "metric_list": [
        {
          "metric": "bleu",
          "higher_is_better": true
        },
        {
          "metric": "chrf",
          "higher_is_better": true
        },
        {
          "metric": "def bertscore_f1(references, predictions, **kwargs):\n    \"\"\"Computes the F1 score of the BERTScore metric.\n\n    Args:\n        references: A list of reference strings.\n        predictions: A list of predicted strings.\n        **kwargs: Additional keyword arguments.\n\n    Returns:\n        The F1 score of the BERTScore metric.\n    \"\"\"\n    bertscore = load(\"bertscore\")\n    return bertscore.compute(predictions=predictions, references=references, **kwargs)[\n        \"f1\"\n    ][0]\n",
          "aggregation": "mean",
          "higher_is_better": true,
          "model_type": "bert-base-multilingual-cased",
          "num_layers": 9
        }
      ],
      "output_type": "generate_until",
      "generation_kwargs": {
        "until": [
          "\n"
        ],
        "do_sample": false,
        "num_beams": 1,
        "max_new_tokens": 256
      },
      "repeats": 1,
      "should_decontaminate": false
    },
    "prompt-3": {
      "task": "prompt-3",
      "dataset_path": "Helsinki-NLP/tatoeba_mt",
      "dataset_name": "nob-nno",
      "test_split": "test",
      "doc_to_text": "Kva blir \"{{targetString}}\" på bokmål?\nBokmål:",
      "doc_to_target": "sourceString",
      "description": "",
      "target_delimiter": " ",
      "fewshot_delimiter": "\n\n",
      "num_fewshot": 4,
      "metric_list": [
        {
          "metric": "bleu",
          "higher_is_better": true
        },
        {
          "metric": "chrf",
          "higher_is_better": true
        },
        {
          "metric": "def bertscore_f1(references, predictions, **kwargs):\n    \"\"\"Computes the F1 score of the BERTScore metric.\n\n    Args:\n        references: A list of reference strings.\n        predictions: A list of predicted strings.\n        **kwargs: Additional keyword arguments.\n\n    Returns:\n        The F1 score of the BERTScore metric.\n    \"\"\"\n    bertscore = load(\"bertscore\")\n    return bertscore.compute(predictions=predictions, references=references, **kwargs)[\n        \"f1\"\n    ][0]\n",
          "aggregation": "mean",