{
  "results": {
    "tatoeba_eng_nno_nn": {
      "chrf,none": 51.13576562931654,
      "chrf_stderr,none": 0.8113625304948561,
      "bertscore_f1,none": 0.8724381452779365,
      "bertscore_f1_stderr,none": 0.002116073425816624,
      "bleu,none": 29.23244897029718,
      "bleu_stderr,none": 1.2838197093803316,
      "alias": "tatoeba_eng_nno_nn"
    },
    "prompt-0": {
      "bleu,none": 33.35069653086858,
      "bleu_stderr,none": 1.6743192336381285,
      "chrf,none": 54.04614486835819,
      "chrf_stderr,none": 1.267411357992446,
      "bertscore_f1,none": 0.883122784509638,
      "bertscore_f1_stderr,none": 0.0038480403877730533,
      "alias": " - prompt-0"
    },
    "prompt-1": {
      "bleu,none": 31.678284521200787,
      "bleu_stderr,none": 2.93858374966716,
      "chrf,none": 53.30389150455817,
      "chrf_stderr,none": 1.5452755314292774,
      "bertscore_f1,none": 0.8796668259146946,
      "bertscore_f1_stderr,none": 0.004022280015069423,
      "alias": " - prompt-1"
    },
    "prompt-2": {
      "bleu,none": 30.857273055709012,
      "bleu_stderr,none": 2.8445514454957546,
      "chrf,none": 53.282475899567736,
      "chrf_stderr,none": 1.7672213801913064,
      "bertscore_f1,none": 0.8832563731924901,
      "bertscore_f1_stderr,none": 0.0038995977047414556,
      "alias": " - prompt-2"
    },
    "prompt-3": {
      "bleu,none": 21.04354177341035,
      "bleu_stderr,none": 2.6155298627780805,
      "chrf,none": 43.910550244782065,
      "chrf_stderr,none": 1.8481523392969268,
      "bertscore_f1,none": 0.8437065974949232,
      "bertscore_f1_stderr,none": 0.0050449236159502515,
      "alias": " - prompt-3"
    }
  },
  "groups": {
    "tatoeba_eng_nno_nn": {
      "chrf,none": 51.13576562931654,
      "chrf_stderr,none": 0.8113625304948561,
      "bertscore_f1,none": 0.8724381452779365,
      "bertscore_f1_stderr,none": 0.002116073425816624,
      "bleu,none": 29.23244897029718,
      "bleu_stderr,none": 1.2838197093803316,
      "alias": "tatoeba_eng_nno_nn"
    }
  },
  "group_subtasks": {
    "tatoeba_eng_nno_nn": [
      "prompt-3",
      "prompt-2",
      "prompt-1",
      "prompt-0"
    ]
  },
  "configs": {
    "prompt-0": {
      "task": "prompt-0",
      "dataset_path": "Helsinki-NLP/tatoeba_mt",
      "dataset_name": "eng-nno",
      "training_split": "validation",
      "test_split": "test",
      "doc_to_text": "Engelsk: {{sourceString}}\nNynorsk:",
      "doc_to_target": "targetString",
      "description": "",
      "target_delimiter": " ",
      "fewshot_delimiter": "\n\n",
      "num_fewshot": 1,
      "metric_list": [
        {
          "metric": "bleu",
          "higher_is_better": true
        },
        {
          "metric": "chrf",
          "higher_is_better": true
        },
        {
          "metric": "def bertscore_f1(references, predictions, **kwargs):\n    \"\"\"Computes the F1 score of the BERTScore metric.\n\n    Args:\n        references: A list of reference strings.\n        predictions: A list of predicted strings.\n        **kwargs: Additional keyword arguments.\n\n    Returns:\n        The F1 score of the BERTScore metric.\n    \"\"\"\n    bertscore = load(\"bertscore\")\n    return bertscore.compute(predictions=predictions, references=references, **kwargs)[\n        \"f1\"\n    ][0]\n",
          "aggregation": "mean",
          "higher_is_better": true,
          "model_type": "bert-base-multilingual-cased",
          "num_layers": 9
        }
      ],
      "output_type": "generate_until",
      "generation_kwargs": {
        "until": [
          "\n"
        ],
        "do_sample": false,
        "num_beams": 1,
        "max_new_tokens": 256
      },
      "repeats": 1,
      "should_decontaminate": false
    },
    "prompt-1": {
      "task": "prompt-1",
      "dataset_path": "Helsinki-NLP/tatoeba_mt",
      "dataset_name": "eng-nno",
      "training_split": "validation",
      "test_split": "test",
      "doc_to_text": "Omsett følgande setning til nynorsk: {{sourceString}}\nNynorsk:",
      "doc_to_target": "targetString",
      "description": "",
      "target_delimiter": " ",
      "fewshot_delimiter": "\n\n",
      "num_fewshot": 1,
      "metric_list": [
        {
          "metric": "bleu",
          "higher_is_better": true
        },
        {
          "metric": "chrf",
          "higher_is_better": true
        },
        {
          "metric": "def bertscore_f1(references, predictions, **kwargs):\n    \"\"\"Computes the F1 score of the BERTScore metric.\n\n    Args:\n        references: A list of reference strings.\n        predictions: A list of predicted strings.\n        **kwargs: Additional keyword arguments.\n\n    Returns:\n        The F1 score of the BERTScore metric.\n    \"\"\"\n    bertscore = load(\"bertscore\")\n    return bertscore.compute(predictions=predictions, references=references, **kwargs)[\n        \"f1\"\n    ][0]\n",
          "aggregation": "mean",
          "higher_is_better": true,
          "model_type": "bert-base-multilingual-cased",
          "num_layers": 9
        }
      ],
      "output_type": "generate_until",
      "generation_kwargs": {
        "until": [
          "\n"
        ],
        "do_sample": false,
        "num_beams": 1,
        "max_new_tokens": 256
      },
      "repeats": 1,
      "should_decontaminate": false
    },
    "prompt-2": {
      "task": "prompt-2",
      "dataset_path": "Helsinki-NLP/tatoeba_mt",
      "dataset_name": "eng-nno",
      "training_split": "validation",
      "test_split": "test",
      "doc_to_text": "Gje ei nynorsk omsetjing av denne setninga: {{sourceString}}\nNynorsk:",
      "doc_to_target": "targetString",
      "description": "",
      "target_delimiter": " ",
      "fewshot_delimiter": "\n\n",
      "num_fewshot": 1,
      "metric_list": [
        {
          "metric": "bleu",
          "higher_is_better": true
        },
        {
          "metric": "chrf",
          "higher_is_better": true
        },
        {
          "metric": "def bertscore_f1(references, predictions, **kwargs):\n    \"\"\"Computes the F1 score of the BERTScore metric.\n\n    Args:\n        references: A list of reference strings.\n        predictions: A list of predicted strings.\n        **kwargs: Additional keyword arguments.\n\n    Returns:\n        The F1 score of the BERTScore metric.\n    \"\"\"\n    bertscore = load(\"bertscore\")\n    return bertscore.compute(predictions=predictions, references=references, **kwargs)[\n        \"f1\"\n    ][0]\n",
          "aggregation": "mean",
          "higher_is_better": true,
          "model_type": "bert-base-multilingual-cased",
          "num_layers": 9
        }
      ],
      "output_type": "generate_until",
      "generation_kwargs": {
        "until": [
          "\n"
        ],
        "do_sample": false,
        "num_beams": 1,
        "max_new_tokens": 256
      },
      "repeats": 1,
      "should_decontaminate": false
    },
    "prompt-3": {
      "task": "prompt-3",
      "dataset_path": "Helsinki-NLP/tatoeba_mt",
      "dataset_name": "eng-nno",
      "training_split": "validation",
      "test_split": "test",
      "doc_to_text": "Kva blir \"{{sourceString}}\" på nynorsk?\nNynorsk:",
      "doc_to_target": "targetString",
      "description": "",
      "target_delimiter": " ",
      "fewshot_delimiter": "\n\n",
      "num_fewshot": 1,
      "metric_list": [
        {
          "metric": "bleu",
          "higher_is_better": true
        },
        {
          "metric": "chrf",